k1,k2,k3,k4,construction
11600111,BAOCJ,W11001,HH04,16OE*16MC- -DOBBY-04.04.019
12000147,BAMM,W11001,HH01,20COM*20COM-76*68-145-PLAIN-181 $
12000147,BAMM,W11001,HH02,20COM*20COM-76*68-145-PLAIN-181 $
12000233,BAMM,S21001,HH01,20COM*30COM-72*56-143-PLAIN-137$
12000233,BAMM,W11001,HH01,20COM*30COM-72*56-143-PLAIN-137$
12000233,BAMMJ,S21001,HH01,20COM*30COM-72*56-143-PLAIN-137$
12000233,BAMMJ,W11001,HH01,20COM*30COM- 72*56-143-PLAIN-137$
12000233,BLMM,W11001,HH02,20COM*30COM- 72*56-143-PLAIN-137$
12000233,BLMMJ,W11001,HH02,20COM*30COM- 72*56-143-PLAIN-137$
12000234,BAMM,W22001,HH01,20COM+20MC*20COM+20MC-72*50-143-PLAIN-166
12000234,BAMM,W22001,HH02,20COM+20MC*20COM+20MC-72*50-143-PLAIN-166
12000249,BACC,W11001,HH01,20MC*20MC- -PLAIN
12000266,BADD,S21001,HH01,20K.COM.VIS*20K.COM.COT.FLAX- -PLAIN
12000266,BADDJ,S21001,HH01,20K.COM.VIS*20K.COM.COT.FLAX- -PLAIN
13000116,BAMFWJ,W11001,DD04,30COM*200D.PET.STR.ATY(70D)- *84-4/1 S SATIN
13000312,BAMM,W11001,RR01,30MEL*40MEL- *80-PLAIN
13000356,LXKK,C22020,HH03,30K.VIS*30K.VIS- *68-2/2 Z TWILL
13000375,LXPP,W11001,RR01,30VIS.MEL*30VIS.MEL-94*70-147-2/2 Z TWILL-154
13000405,LXKK,C33001,HH01,30K.VIS*30K.VIS- *68-DOBBY (CREPE)
13000415,BAMC,F12001,HH01,30COM*16OE+16MC-80*60-152-PLAIN-167
13000415,BAMC,W12001,HH01,30COM*16OE+16MC-80*60-152-PLAIN-167
13000504,BAMFWJ,W11001,DD01,30COM*200D.PET.STR.ATY(70D)- *84-4/1 S SATIN
13000513,HOOT,C44001,HH01,30OE*30OE *74 -2/2 S TWILL
130C11,BAMM,W11001,HH01,30COM*30COM-89*66-149-PLAIN-130 $
130C11,BAMM,W11001,HH02,30COM*30COM-89*66-149-PLAIN-130 $
130C11,BAMM,W11001,HH03,30COM*30COM-89*66-149-PLAIN-130 $
14000014,BAMM,W11001,RR02,"40MEL*40MEL-120*80-148-2/2,Z TWILL-125 $"
14000014,BAMM,W11001,RR03,"40MEL*40MEL-120*80-148-2/2,Z TWILL-125 $"
14000015,LLMMS,S13001,HH01,WRONG CREATION
14000032,BAMMS,F21001,HH01,40COM*40COM-116*78-149-PLAIN-120 $
14000032,BAMMS,F21001,HH02,40COM*40COM-116*78-149-PLAIN-120 $
14000093,BAMM,W11001,HH54,40COM*40COM- *80-OXFORD
14000093,BAMMS,W11001,HH53,40COM*40COM- *80-OXFORD
14000093,BLMMS,W11001,HH52,40COM*40COM- *80-OXFORD
14000093,LLMMS,W11001,HH51,40COM*40COM- *80-OXFORD
14000251,BAMMS,F21001,HH01,40COM*40COM-110*78-149-PLAIN 117 $
14000270,BAMMNK,C22001,HH01,40COM*40COM-132*72-157-PLAIN-130 $
14000270,BAMMNK,C22001,HH03,40COM*40COM-132*72-157-PLAIN-130 $
14000306,BLMMS,W11001,HH01,40COM*40MEL-128*74-150-PLAIN 128
14000306,BLMMS,W11001,HH02,40COM*40MEL- *76-PLAIN
14000342,BAMM,W11001,RR02,40MEL*40MEL-98*80*149-PLAIN 115 $
14000342,BAMM,W11001,RR03,40MEL*40MEL-98*80*149-PLAIN 115 $
14000342,BAMM,W11001,RR04,40MEL*40MEL-98*80*149-PLAIN 115 $
14000342,BAMM,W11001,RR06,40MEL*40MEL-98*80*149-PLAIN 115 $
14000342,BAMM,W11001,RR07,40MEL*40MEL-98*80*149-PLAIN 115 $
14000342,BAMM,W11001,RR08,40MEL*40MEL-98*80*149-PLAIN 115 $
14000342,BAMM,W11001,RR10,40MEL*40MEL-98*80*149-PLAIN 115 $
14000342,BAMM,W11001,RR11,40MEL*40MEL-98*80-149-PLAIN 115 $
14000342,BAMM,W11001,RR14,40MEL*40MEL-98*80-149-PLAIN 115 $
14000342,BAMM,W11001,RR17,40MEL*40MEL-98*80-149-PLAIN 115 $
14000342,BAMM,W11001,RR18,40MEL*40MEL-98*80-149-PLAIN 115 $
14000342,BAMM,W11001,RR19,40MEL*40MEL-98*80-149-PLAIN 115 $
14000342,BAMM,W11001,RR23,40MEL*40MEL-98*80-149-PLAIN 115 $
14000342,STICKER,W11001,RR23,40MEL*40MEL-98*80-149-PLAIN 115 $
14000355,BAMMS,F21001,HH02,40COM*40COM-120*66-150-PLAIN 110
14000394,BAMCS,C44010,HH05,40COM*14SPX(70D)-128*46-138-OXFORD 172 $
14000394,BAMCS,S21010,VV01,40COM*14SPX-128*46-138-OXFORD 172 $
14000394,BAMCSK,C22009,HH01,40COM*14SPX(70D)-128*46-138-OXFORD 172 $
14000394,BAMCSK,C55001,HH02,40COM*14SPX-128*46-138-OXFORD 172 $
14000394,BAMCSK,S21010,VV01,40COM*14SPX-128*46-138-OXFORD 172 $
14000394,BAMCSK,W11001,HH32,40COM*14SPX(70D)-128*46-138-OXFORD 172 $
14000396,BAMCNS,S12001,HH01,40COM*2/30C- *48-OXFORD
14000396,BAMCNS,S12001,HH02,40COM*2/30C- *48-OXFORD
14000396,BAMCS,W11001,HH15,40COM*2/30C-107*48-146-OXFORD 147 $
14000396,BAMCS,W11001,HH18,40COM*2/30C-107*48-146-OXFORD 147 $
14000396,BAMCS,W11001,HH53,40COM*2/30C-107*48-146-OXFORD 147 $
14000396,BAMCS,W11001,HH64,40COM*2/30C- *48-OXFORD
14000396,BAMCS,W11001,HH70,40COM*2/30C- *48-OXFORD
14000396,BAMCS,W11001,HH71,40COM*2/30C- *48-OXFORD
14000396,BAMCS,W11001,HH78,40COM*2/30C- *48-OXFORD
14000396,LLMCNS,S21020,HH01,40COM*2/30C- *48-OXFORD
14000396,LLMCS,W11001,HH62,40COM*2/30C- *48-OXFORD
14000396,LLMCS,W11001,HH63,40COM*2/30C- *48-OXFORD
14000447,BAMMS,W11001,HH01,40COM*40COM-138*68-150-2/1 Z TWILL 129 $
14000464,BAMM,W11001,RR01,40MEL*40MEL-118*80-149-2/2 HBT-127 $
14000464,BAMM,W11001,RR02,40MEL*40MEL-118*80-149-2/2 HBT-127 $
14000464,BAMM,W11001,RR03,40MEL*40MEL-118*80-149-2/2 HBT-127 $
14000498,BLMMS,C35001,HH02,40COM*40COM-82*76-141-PLAIN-100 $
14000532,BLMMS,C55001,HH01,40COM+2/80SD*40MEL+2/80SD- -2/2 HBT
14000538,BAMMS,W11001,RR01,40MEL*40COM-132*84-151-2/2 HBT-139
14000545,BAMMJ,W11001,RR02,40MEL*40MEL- -2/2 HBT
14000547,BLMMS,S15001,HH01,40COM*40COM+40MEL- -2/2 Z TWILL
14000567,BAMM,W11001,RR01,40MEL*40MEL-118*80-150-2/2 Z TWILL-130 $
14000567,BAMM,W11001,RR02,40MEL*40MEL-118*80-150-2/2 Z TWILL-130 $
14000577,BAMM,W11001,RR01,40MEL*40MEL-118*80-150-OXFORD-130
14000577,BAMM,W11001,RR02,40MEL*40MEL-118*80-150-OXFORD-130
14000582,BLMMSJ,C55001,HH01,40COM*40COM- *72-PLAIN
14000605,BAMM,W11001,RR01,40MEL*40MEL-100*80-148-PLAIN-118 $
14000605,BAMM,W11001,RR02,40MEL*40MEL-100*80-148-PLAIN-118 $
14000605,BAMM,W11001,RR03,40MEL*40MEL-100*80-148-PLAIN-118 $
14000605,BAMM,W11001,RR05,40MEL*40MEL-100*80-148-PLAIN-118 $
14000605,BAMM,W11001,RR06,40MEL*40MEL-100*80-148-PLAIN-118 $
14000610,BAMM,W11001,RR01,40MEL*40MEL- *72-PLAIN
14000612,BAMMA,W11001,RR08,40MEL*40MEL-108*96-145-2/2 S TWILL 136 $
14000612,BAMMA,W11001,RR11,40MEL*40MEL- *96-2/2 S TWILL
14000618,BAMMSN,W11001,HH04,40COM*40COM-124*70*141-OXFORD 125
14000618,BAMMSN,W11001,HH08,40COM*40COM-124*70*141-OXFORD 125
14000620,BAMM,W11001,RR01,40MEL*40MEL-123*90-149-PLAIN-138
14000620,BAMM,W11001,RR02,40MEL*40MEL-123*90-149-PLAIN-138
14000661,BAMMS,W11001,HH01,40COM*40COM-132*76-152-2/1 Z TWILL-132 $
14000661,BLMMS,W11001,HH03,40COM*40COM-132*76-152-2/1 Z TWILL-132 $
14000661,LLMMS,W11001,HH02,40COM*40COM-132*76-152-2/1 Z TWILL-132 $
14000700,BLMMSA,W11001,RR04,40MEL*40COM- *88 2/2 HBT
14000700,LLMMSA,W11001,RR02,40MEL*40COM- *88 2/2 HBT
14000700,LLMMSA,W11001,RR03,40MEL*40COM- *88 2/2 HBT
14000708,BAMMSJ,C22001,HH02,40COM*40COM- -PLAIN
14000721,BAMMS,W11001,RR01,40MEL*40COM- *112-2/2 HBT
14000811,BAMMS,C22001,HH02,40COM*40COM- *102- -2/2 MATT
14000811,LLMMS,C22001,HH01,40COM*40COM- *102- -2/2 MATT
14000890,BAMC,C22001,HH02,40COM*40C Spx 40D- *72-PLAIN
14000890,BLMC,C22001,HH01,40COM*40C Spx 40D- *72-PLAIN
14000902,BLMMS,C33001,HH01,40COM*40COM- *80- -DOBBY-
140103,LLMMS,F21001,HH01,40COM*40COM-120*70-150-PLAIN-116 $
140103,LLMMS,F21001,HH02,40COM*40COM-120*70-150-PLAIN-116 $
140121,BAMM,W11001,RR25,40COM*40COM- *80-PLAIN
140121,BAMM,W11001,RR26,40MEL*40MEL- *80-PLAIN
140121,BAMM,W11001,RR27,40MEL*40MEL- *80-PLAIN
140121,BAMM,W11001,RR28,40MEL*40MEL-PLAIN
140121,BAMM,W11001,RR31,40MEL*40MEL-PLAIN
140121,BAMM,W11001,RR32,40MEL*40MEL-PLAIN
140121,BAMM,W11001,RR34,40MEL*40MEL- *80-PLAIN
140121,BAMM,W11001,RR35,40MEL*40MEL- *80-PLAIN
140121,BAMM,W11001,RR36,40MEL*40MEL- *80-PLAIN
140121,BAMM,W11001,RR38,40MEL*40MEL- *80-PLAIN
140121,BAMM,W11001,RR39,40MEL*40MEL- *80-PLAIN
140121,BAMM,W11001,RR40,40MEL*40MEL- *80-PLAIN
140121,BAMM,W11001,RR44,40MEL*40MEL- *80-PLAIN
140121,BAMMS,C33149,HH01,40COM*40COM- *80-PLAIN
140121,BAMMS,C33149,HH02,40COM*40COM- *80-PLAIN
140121,BAMMS,C44124,HH01,40COM*40COM- *80-PLAIN
140121,BAMMS,C44130,HH01,40COM*40COM- *80-PLAIN
140121,BAMMS,C44130,HH02,40COM*40COM- *80-PLAIN
140121,BAMMS,C44131,HH01,40COM*40COM- *80-PLAIN
140121,BAMMS,C44131,HH02,40COM*40COM- *80-PLAIN
140121,BAMMS,C44131,HH03,40COM*40COM- *80-PLAIN
140121,BAMMS,W11001,RR37,40MEL*40COM- *80-PLAIN
140121,BLMMS,W11001,HH38,40MEL*40COM- *80-PLAIN
140121,BLMMS,W11001,HH39,40MEL*40COM- *80-PLAIN
140226,BAMM,W11001,RR02,40COM*40COM-110*90-148-PLAIN-128
140313,BAMMS,W11001,HH65,40COM*40COM-158*62-150-OXFORD-135 $
140313,BAMMS,W11001,HH66,40COM*40COM-158*62-150-OXFORD-135 $
140313,BAMMS,W11001,HH67,40COM*40COM-158*62-150-OXFORD-135 $
140313,BAMMS,W11001,HH68,40COM*40COM-158*62-150-OXFORD-135 $
140389,BAMMSN,W11001,HH02,40MEL*40COM-133*80-149-PLAIN-135 $
140389,BAMMSN,W11001,HH03,40COM*40MEL-133*80-149-PLAIN-135 $
140389,BLMMAS,W11001,HH04,40MEL*40COM-133*80-149-PLAIN-135 $
140389,BLMMAS,W11001,HH05,40MEL*40COM-133*80-149-PLAIN-135 $
14095,BAMCS,S21001,HH01,40COM*2/30C-110*50-147-OXFORD 153 $
14095,BAMCS,S21001,HH02,40COM*2/30C-107*50-147-OXFORD 153 $
14095,BAMCS,W11001,HH39,40COM*2/30C- *50-OXFORD
14095,BLMCS,W11001,HH28,40COM*2/30C-107*50-147-OXFORD 153 $
14095,BLMCS,W11001,HH29,40COM*2/30C-107*50-147-OXFORD 153 $
14095,LLMCS,W11001,HH10,40COM*2/30C-107*50-147-OXFORD 153 $
14095,LLMCS,W11001,HH27,40COM*2/30C-107*50-147-OXFORD 153 $
140992,BAMM,W11001,RR04,40MEL*40MEL-121*90-149-PLAIN-134 $
140992,BAMM,W11001,RR06,40MEL*40MEL-121*90-149-PLAIN-134 $
140992,BAMM,W11001,RR07,40MEL*40MEL-121*90-149-PLAIN-134 $
140B75,BAMCS,W11001,HH45,40COM*2/30C-108*50-149-OXFORD-153 $
140B75,BAMMS,W11001,HH46,40COM*2/30COM-108*50-149-OXFORD-153 $
140B75,BAMMS,W11001,HH47,40COM*2/30COM-108*50-149-OXFORD-153 $
140U96,BAMM,W11001,HH26,DISCARD
140U96,BAMM,W11001,HH29,40COM*40COM-118*80-143-OXFORD-120 $
140U96,BAMM,W11001,HH30,40COM*40COM- *80-OXFORD
140U96,BAMMS,W11001,HH62,40COM*40COM-118*80-143-OXFORD-120 $
140U96,LLMMS,W11001,HH50,40COM*40COM-118*80-143-OXFORD-120 $
14500102,BACC,W11001,DH01,45C.CVC*45C.CVC-114*78-154-DOBBY-112
15000075,BAMMS,C22016,HH06,50COM*50COM-124*100-150-PLAIN-112 $
15000075,BAMMS,C22016,HH07,50COM*50COM-124*100-150-PLAIN-112 $
15000075,BAMMS,C22016,HH08,50COM*50COM-124*100-150-PLAIN-112 $
15000119,LLMMS,S21001,HH02,50COM*50COM-128*100-148-PLAIN-118
15000166,BAMM,W11001,HH06,50COM*50COM-144*72-149-OXFORD-106 $
15000175,BAMMN,C33022,HH01,50COM*50COM- *100-2/2 Z TWILL
15000270,BAMMS,F21001,HH29,50COM*50COM-148*88-149-PLAIN-115 $
15000270,LLMMS,F21001,HH28,50COM*50COM-148*88-149-PLAIN-115 $
15000365,BAMMS,W11001,HH01,50COM*50COM-134*92-148-3/2 MATT 115 $
15000365,BAMMS,W11001,HH02,50COM*50COM-143*92-140-3/2 MATT 120$
15000512,BAMMS,W11001,HH01,50COM*50COM-150*88-143-(DOBBY)ROYAL OXFORD-115 $
15000512,BAMMS,W11001,HH02,50COM*50COM-150*88-143-(DOBBY)ROYAL OXFORD-115 $
15000513,BAMMS,W11001,HH01,50COM*50COM-146*84-150-DOBBY-115
15000536,BAMCSJ,C66013,HH01,50COM*40SPX(40D)- *74-PLAIN
15000536,BAMCSK,C55001,HH02,50COM*40SPX(40D)- *74-PLAIN
15000536,BAMCSK,C55003,HH02,50COM*40SPX(40D)- *74-PLAIN
15000536,BLMCS,C22001,HH01,50COM*40SPX(40D)-102*74-174.8-PLAIN
15000536,BLMCSK,C22001,HH01,50COM*40SPX(40D)- *74-PLAIN
15000536,BLMCSK,C55001,HH01,50COM*40SPX(40D)- *74-PLAIN
15000537,BLMMS,C55001,HH01,discard
15000621,LLMMS,C33002,HH01,50COM*50COM- *100-2/2 Z TWILL
15000628,BAMMNS,F22001,HH05,50COM*50COM+50SPX(40D)-145*80-148-PLAIN-122 $
15000628,BAMMNS,S22001,HH01,50COM*50COM+50SPX(40D)-145*80-148-PLAIN-122 $
15000628,BAMMNS,S22002,HH05,50COM*50COM+50SPX(40D)-145*80-148-PLAIN-122 $
15000628,BAMMNS,S22006,HH05,50COM*50COM+50SPX(40D)-145*80-148-PLAIN-122 $
15000628,BAMMNS,S22007,HH03,50COM*50COM+50SPX(40D)-145*80-148-PLAIN-122 $
15000628,BAMMNSJ,F22001,HH05,50COM*50COM+50SPX(40D)-145*80-148-PLAIN-122 $
15000628,BAMMNSJ,S22001,HH01,50COM*50COM+50SPX(40D)-145*80-148-PLAIN-122 $
15000628,BAMMNSJ,S22006,HH05,50COM*50COM+50SPX(40D)-145*80-148-PLAIN-122 $
15000628,BAMMNSJ,S22007,HH03,50COM*50COM+50SPX(40D)-145*80-148-PLAIN-122 $
15000629,BAMMS,W11001,HH01,50COM*50COM- *100-ROYAL OXFORD
15000629,LLMMS,W11001,HH02,50COM*50COM- *100-ROYAL OXFORD
15000676,BAMMS,C22001,HH01,50COM*50COM-145*104-150-PLAIN-128 $
15000676,BAMMS,S21001,HH01,50COM*50COM-145*104-150-PLAIN-128 $
15000676,BLMMS,W11001,HH01,50COM*50COM-145*104-150-PLAIN-128 $
15000678,BLMM,C55001,HH01,50COM*50COM- *84 -2/2 Z TWILL
15000678,BLMM,C55001,HH02,50COM*50COM- *84 -2/2 Z TWILL
15000695,LLMMS,W11001,HH01,50COM*50COM-148*96-151-DOBBY-128
15000720,BAMMSN,W11001,HH01,50COM*50COM- *120-2/2 MATT
15000720,BAMMSN,W11001,HH02,50COM*50COM- *120-2/2 MATT
15000881,BAMD,W11001,HH01,50COM*50K.COM.M.TEN- *108- -2/2 MATT
150208,LLMMS,S21062,HH01,50COM*50COM-140*76-150-PLAIN-111
150227,BAMMS,F21001,HH01,50COM*50COM-141*78-150-PLAIN-108 $
150227,BAMMS,F21001,HH02,50COM*50COM-141*78-150-PLAIN-108 $
150246,BA,F21001,RR47,50COM*50COM-142*80-150-PLAIN-108 $
150246,BA,F21001,RR51,50COM*50COM-142*80-150-PLAIN-108 $
150246,BAMMS,F21001,HH47,50COM*50COM-142*80-150-PLAIN-108 $
150246,BAMMS,F21001,HH50,50COM*50COM-142*80-150-PLAIN-108 $
150246,BAMMS,F21001,HH51,50COM*50COM-142*80-150-PLAIN-108 $
150246,BAMMS,F21001,HH52,50COM*50COM-142*80-150-PLAIN-108 $
150635,BAMMAS,C44134,HH01,50COM*50COM-155*84-150-PLAIN-120 $
150635,BAMMAS,C44134,HH02,50COM*50COM-155*84-150-PLAIN-120 $
150635,BAMMAS,C44134,HH03,50COM*50COM-155*84-150-PLAIN-120 $
150635,BLMMA,F21001,HH18,50COM*50COM- *84-PLAIN
150719,BAMMS,F21001,HH02,50COM*50COM-144*84-150-PLAIN-113 $
150719,LLMMS,F21001,HH01,50COM*50COM-144*84-150-PLAIN-113 $
150C59,BAMM,W11001,HH08,50COM*50COM-156*80-150-OXFORD-118
150C59,BAMM,W11001,HH09,50COM*50COM- *80-OXFORD
150C59,BAMM,W11001,HH14,50COM*50COM- *80-OXFORD
150C59,BAMM,W11001,HH16,50COM*50COM- *80-OXFORD
150C59,BAMM,W11001,HH17,50COM*50COM- *80-OXFORD
150C59,BAMM,W11001,HH18,50COM*50COM- *80-OXFORD
150G77,BAMM,W11001,HH08,50COM*50COM-166*84-149-OXFORD-124 $
150G77,BAMM,W11001,HH09,50COM*50COM-166*84-149-OXFORD-124 $
150G77,BAMM,W11001,HH10,50COM*50COM-166*84-149-OXFORD-124 $
150M82,BLMMS,C33008,HH01,50COM*50COM-142*86-149-PLAIN 112
16000033,BAMM,W11001,RR01,60MEL*60MEL- *86-PLAIN
16000095,BAMMSNJ,S32001,HH01,60COM*50COM+50SPX- *90-4/1 S SATIN
16000140,BAMM,W11001,HH01,60COM*60COM-144*84-150-PLAIN-94 $
16000140,BAMM,W11001,HH02,60COM*60COM-144*84-150-PLAIN-94 $
16000140,BAMM,W11001,HH03,60COM*60COM-144*84-150-PLAIN-94 $
16000225,BAMM,W11001,HH01,60COM*60COM-120*80-139-PLAIN-89
16000227,BAMM,W11001,RR01,60MEL*60MEL-120*86-150-PLAIN-90 $
16000227,BAMM,W11001,RR02,60MEL*60MEL-120*86-150-PLAIN-90 $
16000227,BAMM,W11001,RR03,60MEL*60MEL-120*86-150-PLAIN-90 $
16000234,BAMM,C55001,HH01,60COM*60COM-148*100-152-PLAIN-105 $
16000234,BAMM,F21001,HH01,60COM*60COM-148*100-152-PLAIN-105 $
16000234,BAMM,F21001,HH02,60COM*60COM-148*100-152-PLAIN-105 $
16000247,BAMM,W11001,RR03,60MEL*60MEL-155*100*149-2/2 Z TWILL 110 $
16000247,BAMM,W11001,RR04,60MEL*60MEL-155*100*149-2/2 Z TWILL 110 $
16000247,BAMMA,S21001,RR01,60COM+60MEL*60MEL- *100-2/2 Z TWILL
16000247,BAMMA,S21001,RR02,60COM+60MEL*60MEL- *100-2/2 Z TWILL
16000247,BAMMN,W11001,RR13,60MEL*60MEL- *100-2/2 Z TWILL
16000247,BAMMN,W11001,RR14,60MEL*60MEL- *100-2/2 Z TWILL
16000250,BAMM,W11001,HH01,60COM*60COM-142*78-149-PLAIN-95 $
16000261,BAMM,S41001,VV01,60COM*60COM- *104-DOBBY-392.04.001
16000265,BAMM,W11001,HH01,60COM*60MEL-148*104-156-PLAIN-109 $
16000265,BAMM,W11001,HH02,60COM*60MEL-148*104-156-PLAIN-109 $
16000265,BAMM,W11001,HH03,60COM*60MEL-148*104-156-PLAIN-109 $
16000265,BAMM,W11001,HH04,60COM*60MEL-148*104-156-PLAIN-109 $
16000265,BAMM,W11001,HH05,60COM*60MEL-148*104-156-PLAIN-109 $
16000265,BAMM,W11001,HH06,60COM*60MEL-148*104-156-PLAIN-109 $
16000265,BAMM,W11001,HH07,60COM*60MEL-148*104-156-PLAIN-109 $
16000265,BAMM,W11001,HH08,60COM*60MEL-148*104-156-PLAIN-109 $
16000265,BAMM,W11001,HH09,60COM*60MEL-148*104-156-PLAIN-109 $
16000265,BAMM,W11001,HH10,60COM*60MEL-148*104-156-PLAIN-109 $
16000265,BAMM,W11001,HH11,60COM*60MEL-148*104-156-PLAIN-109 $
16000265,BAMM,W11001,HH12,60COM*60MEL-148*104-156-PLAIN-109 $
16000265,BAMM,W11001,HH13,60COM*60MEL-148*104-156-PLAIN-109 $
16000265,BAMM,W11001,HH14,60COM*60MEL-148*104-156-PLAIN-109 $
16000265,BAMM,W11001,HH15,60COM*60MEL-148*104-156-PLAIN-109 $
16000265,BAMM,W11001,HH16,60COM*60MEL-148*104-156-PLAIN-109 $
16000281,BAMM,W11001,HH01,60COM*60MEL- -PLAIN
16000281,BAMM,W11001,HH02,60COM*60MEL- -PLAIN
16000316,BAMMO,W11001,HH01,60COM.OG*60COM.OG-132*118-165.1-PLAIN
16000353,BAMMN,S14001,HH01,60COM*60COM- *122- -JACQUARD
16000353,BAMMN,S14001,HH02,60COM*60COM- *122- -JACQUARD
16000353,BAMMN,S14001,HH03,60COM*60COM- *122- -JACQUARD
16000354,BAMMN,F12001,HH01,60COM*60COM- *122- -JACQUARD
16000354,BAMMN,F12001,HH02,60COM*60COM- *122- -JACQUARD
16000354,BAMMN,F12001,HH03,60COM*60COM- *122- -JACQUARD
16000355,BAMMN,W11001,HH01,60COM*60COM- *122- -JACQUARD
16000355,BAMMN,W11001,HH02,60COM*60COM- *122- -JACQUARD
16000356,BAMMN,W11001,HH01,60COM*60COM- *124-JACQUARD
16000364,BAMMN,S13021,HH01,60COM*60COM- *124- -JACQUARD
16000365,BAMMN,S21001,HH01,60COM*60COM- *124- -JACQUARD
16000365,BAMMN,S21001,HH02,60COM*60COM- *124- -JACQUARD
16000366,BAMMN,S21001,HH01,60COM*60COM- *124- -JACQUARD
16000366,BAMMN,S21001,HH02,60COM*60COM- *124- -JACQUARD
16000367,BAMMN,S21001,HH01,60COM*60COM- *124- -JACQUARD
16000367,BAMMN,S21001,HH02,60COM*60COM- *124- -JACQUARD
16000368,BAMMN,S12001,HH01,60COM*60COM- *124- -JACQUARD
16000368,BAMMN,S12001,HH02,60COM*60COM- *124- -JACQUARD
16000368,BAMMN,S12001,HH03,60COM*60COM- *124- -JACQUARD
16000369,BAMMN,S31001,HH01,60COM*60COM- -JACQUARD
16000369,BAMMN,S31001,HH02,60COM*60COM- -JACQUARD
16000370,BAMMN,S23001,HH01,60COM*60COM- *124- -JACQUARD
16000370,BAMMN,S23001,HH02,60COM*60COM- *124- -JACQUARD
16000371,BAMMN,S23001,HH01,60COM*60COM- *124- -JACQUARD
16000371,BAMMN,S23001,HH02,60COM*60COM- *124- -JACQUARD
16000372,BAMMN,S31001,HH01,60COM*60COM- *124- -JACQUARD
16000372,BAMMN,S31001,HH02,60COM*60COM- *124- -JACQUARD
16000373,BAMMN,S15001,HH01,60COM*60COM- -JACQUARD
16000373,BAMMN,S15001,HH02,60COM*60COM- -JACQUARD
16000374,BAMMN,S14001,HH01,60COM*60COM- -JACQUARD
16000374,BAMMN,S14001,HH02,60COM*60COM- -JACQUARD
16000375,BAMMN,S13001,HH01,60COM*60COM- -JACQUARD
16000375,BAMMN,S13001,HH02,60COM*60COM- -JACQUARD
16000376,BAMMN,C23001,HH01,60COM*60COM- -JACQUARD
16000376,BAMMN,C23001,HH02,60COM*60COM- -JACQUARD
16000377,BAMMN,F12001,HH01,60COM*60COM- -JACQUARD
16000377,BAMMN,F12001,HH02,60COM*60COM- -JACQUARD
16000377,BAMMN,W11001,HH01,60COM*60COM- -JACQUARD
16000378,BAMMN,W11001,HH01,60COM*60COM- -JACQUARD
16000378,BAMMN,W11001,HH02,60COM*60COM- -JACQUARD
16000379,BAMMN,S21001,HH01,60COM*60COM- -JACQUARD
16000380,BAMMN,C33001,HH01,60COM*60COM- -JACQUARD
16000380,BAMMN,C33001,HH02,60COM*60COM- -JACQUARD
16000381,BAMMN,S14001,HH01,60COM*60COM- -JACQUARD
16000381,BAMMN,S14001,HH02,60COM*60COM- -JACQUARD
16000382,BAMMN,C22001,HH01,60COM*60COM- -JACQUARD
16000382,BAMMN,C22001,HH02,60COM*60COM- -JACQUARD
16000383,BAMMN,S12001,HH01,60COM*60COM- -JACQUARD
16000383,BAMMN,S12001,HH02,60COM*60COM- -JACQUARD
16000384,BAMMN,S41001,HH01,60COM*60COM- -JACQUARD
16000384,BAMMN,S41001,HH02,60COM*60COM- -JACQUARD
160272,BAMM,W11001,RR01,60MEL*60MEL-150*100-154-PLAIN-105 $
160272,BAMM,W11001,RR03,60MEL*60MEL-150*100-154-PLAIN-105 $
16086,BAMM,W11001,RR03,60MEL*60MEL-132*100-149-PLAIN-100 $
16086,BAMM,W11001,RR04,60MEL*60MEL-132*100-149-PLAIN-100 $
160866,BAMM,F21001,HH10,60COM*60COM-158*110-149-PLAIN-111
17000034,BAMM,W11001,HH01,70COM*60MEL- -2/2 HBT
17000034,BAMM,W11001,RR01,70COM*60MEL- -2/2 HBT
23600005,BAKK,W11001,FD01,2/36ARARMID*2/36ARAMID-69*50-156-PLAIN-165
23600005,BAKK,W11001,FD02,2/36ARARMID*2/36ARAMID-69*50-156-PLAIN-165
23600005,BAKK,W11001,FD03,2/36ARARMID*2/36ARAMID-69*50-156-PLAIN-165
24000134,BAKK,W11001,FD01,2/40ARAMID*2/40ARAMID-62*48-152-PLAIN-153 $
250470,BAMM,C22001,HH02,DISCARD
28000080,BAMMNJ,C33001,NRR01,2/80COM*40COM- -DOBBY(4/4 Z TWILL)-08.08.309
2A000048,BAPMN,W11001,RR02,2/100COM*60MEL- *96-DOBBY
2A000051,BAMMN,W11001,HH01,2/100COM*50COM- *108-2/1 Z TWILL
2A000051,BAMMN,W11001,HH02,2/100COM*50COM- *108-2/1 Z TWILL
A110A226,BAOO,C24001,HH02,10OE*16OE+16SPX(70D)-66*58*145-2/2 S TWILL 275 $
A110A280,LLOCJ,S22001,HH01,10OE*16SPX(70D)+16OE- -PLAIN
A110A533,HOKT,S12001,DH01,10OE*16K P+10K Spx 70D - *100- -DOBBY
A112A040,BAOO,C22007,HH01,12OE*12OE-2/2 Z TWILL TIM
A115A004,OSPPPROVI,C22001,HH03,15FLAX.VIS*15FLAX.VIS-44*44-170.2-PLAIN
A116A153,BAOC,W11001,HH02,16OE*20SPX-TIM
A116A367,BLCM,F12001,DH01,16CVC*20COM+20SPX(70D)-106*74-150-2/2 Z TWILL-266
A116A368,BLCM,W12001,DH01,16CVC*20COM+20SPX(70D)-96*74-150-2/1 Z TWILL-260
A1200156,BACO,W12001,HH20,20MC*16MC+16OE- *50-OXFORD
A1200213,BAMM,W11001,HH03,20COM*20COM-70*50-143-PLAIN-153
A1200213,BAMM,W11001,HH04,20COM*20COM- 70*50-143-PLAIN-153
A120A810,BAMM,F12001,HH01,20MEL*20MEL+20SPX(70D)-96*80-144-2/1 S TWILL-228
A120A882,BAKK,C22001,TT01,20K+20PC*20PC.SPX(70D)+20K-120*70-136-DOBBY-268 $
A120A932,BACC,C22001,TT01,20C+20C.PC*20K.SPX(70D)+20PC.SPX(70D)-112*76-134-2/2 S TWILL-275 $
A120A933,BAKK,C22001,TT01,20C+20C.PC*20K.SPX(70D)+20PC.SPX(70D)-118*76-132-2/2 S TWILL 278 $
A120B597,HCCWT,W11001,RR01,20C.SPX.FD(70D)*20C.SPX.FD(70D)- -3/1 S TWILL
A120B670,BAMDAJ,W11001,HH08,20COM*30K.COM.VIS- *54-PLAIN
A120B917,BAMMW,W11001,RR01,20MEL*20MEL- -2/2 Z TWILL
A120B917,BAMMWJ,W11001,RR01,20MEL*20MEL- -2/2 Z TWILL
A120C136,BACDAJ,W11001,HH10,20C MC*30K.COM V-68*54*142-PLAIN-135 $
A120C136,BACDAJ,W11001,HH14,20C MC*30K.COM V-68*54*142-PLAIN-135 $
A120C136,BACDAJ,W11001,HH15,20C MC*30K.COM V-68*54*142-PLAIN-135 $
A120C136,BACDAJ,W11001,HH16,20C MC*30K.COM V-68*54*142-PLAIN-135 $
A120C729,BAMO,C22001,HH01,20COM*16OE- *78- -DOBBY(DOUBLE CLOTH)
A120D066,BAMPJ,W11001,HA04,20MEL*20K MIYABI V- *52-2/2 Z TWILL
A1300112,BAMM,W11001,HH01,30COM*20MEL-114*60-149-OXFORD-171 $
A130A689,OSPP,W11001,RR01,30VORTEX.VIS.MEL*30VORTEX.VIS.MEL-105*83-140-2/2 S TWILL 163 $
A130A689,OSPPPROVI,W11001,RR01,30VORTEX.VIS.MEL*30VORTEX.VIS.MEL-92*72-160-2/2 S TWILL
A130B497,BAMM,W12001,HH01,30COM*20COM+20SPX(70D)- *74-DOBBY(ROYAL OXFORD)
A130B742,BAMC,CN7003,HH01,30COM+30MC*30MC-64*68-173.97-PLAIN
A130B742,BAMC,CP8002,HH01,30COM+30MC*30MC-64*68-173.97-PLAIN
A130B742,BAMCW,W21001,HH04,30COM+30MC*30MC-
A130B819,LXDD,W11001,HH01,30K.COM.VIS*30K.COM.VIS- *64-PLAIN
A130C341,HMD,S21001,HH01,30COM*30K.COM.VIS- *74-2/2 S TWILL
A130C653,BAMCJ,C55001,HH01,30COM*30SPX(40D)- *70-2/2 S TWILL
A130C989,BAMMWJ,W11001,HH03,30COM*30COM-90*68-167-2/1 Z TWILL-136 $
A130D536,BADD,W11001,HH01,30K.COM*30K.COM--2/2 HBT
A130D536,BADD,W11001,HH02,30K.COM*30K.COM--2/2 HBT
A130D536,BADDJ,W11001,HH01,30K.COM*30K.COM- -2/2 HBT
A130D536,BADDJ,W11001,HH02,30K.COM*30K.COM- -2/2 HBT
A132A416,BADDJ,SJ1008,HH01,32K.COM+30MC*30K.COM.VIS- *52-PLAIN
A132A433,BAMCWJ,C42002,HH01,32COM+32MC*32MC-80*70-157-PLAIN-126 $
A132A433,BAMCWJ,W21001,HH03,30COM+30MC*30MC-80*70-157-PLAIN-126 $
A132A433,BAMCWJ,W21001,HH04,30COM+30MC*30MC- *70-PLAIN
A132A433,BAMCWJ,W21001,HH10,32COM+32MC*32MC- *70-PLAIN
A132A433,BAMCWJ,W21001,HH11,32COM+32MC*32MC- *70-PLAIN
A132A433,BAMCWJ,W21001,HH13,32COM+32MC*32MC- *70-PLAIN
A132A433,STICKER,W21001,HH03,30COM+30MC*30MC-80*70-157-PLAIN-126 $
A132A434,BADDJ,C22005,HH01,32K.COM*32K.COM- *68-PLAIN
A132A434,BADDJ,W11001,HH05,32K.COM*32K.COM- *66-PLAIN
A132A436,HMMT,C22001,HH02,32COM.RECY.COT*32COM.RECY.COT- -2/2 Z TWILL
A132A438,BAMDJ,S31004,HH03,32COM*30K.COM.VIS- -PLAIN
A132A911,BADDNJ,W11001,HH01,32K.COM*32K.COM-92*68-136-PLAIN-134$
A132A911,BADDNJ,W11001,HH03,32K.COM*32K.COM-92*68-136-PLAIN-134$
A132A911,BADDNJ,W11001,HH04,32K.COM*32K.COM-92*68-136-PLAIN-134$
A132A911,BADDNJ,W11001,HH06,32K.COM*32K.COM- *68-PLAIN
A132B151,BAMDJ,C22009,HH03,DISCARD
A132B151,BAMDJ,W11001,HH19,32COM*30K.COM V- -PLAIN
A132B151,BAMDJ,W11001,HH20,32COM*30K.COM V- -PLAIN
A1400001,BAMM,W11001,RR26,40MEL*40MEL-122*78-148-PLAIN-126 $
A1400001,BAMM,W11001,RR27,40MEL*40MEL-122*78-148-PLAIN-126 $
A1400001,BAMM,W11001,RR28,40MEL*40MEL-122*78-148-PLAIN-126 $
A1400140,BAMM,W11001,RR03,40MEL*40MEL-122*90-148-PLAIN-134 $
A1400140,BAMM,W11001,RR04,40MEL*40MEL-122*90-148-PLAIN-134 $
A1400140,BAMM,W11001,RR05,40MEL*40MEL-122*90-148-PLAIN-134 $
A1400140,BAMM,W11001,RR06,40MEL*40MEL-122*90-148-PLAIN-134 $
A1400160,BAMMW,W11001,RR07,40COM*40MEL-104*70-151-PLAIN-115 $
A1400160,BAMMW,W11001,RR15,40MEL*40MEL-104*70-151-PLAIN-115 $
A1400160,BAMMW,W11001,RR18,40Mel*40Mel-104*70-151-PLAIN-115 $
A1400160,BAMMW,W11001,RR19,40Mel*40Mel-104*70-151-PLAIN-115 $
A1400220,BAMM,W11001,RR04,40MEL*40MEL-110*90-147-PLAIN 124 $
A1400220,BAMM,W11001,RR07,40MEL*40MEL-110*90-147-PLAIN 124 $
A1400220,BAMM,W11001,RR08,40MEL*40MEL-110*90-147-PLAIN 124 $
A1400220,BAMM,W11001,RR09,40MEL*40MEL-110*90-147-PLAIN 124 $
A1400220,BAMMS,F21001,HH03,40COM+40MEL*40COM-110*90-147-PLAIN 124 $
A1400220,BLMMS,F21001,HH04,40COM+40MEL*40COM-110*90-147-PLAIN 124 $
A1400264,BAMM,W11001,RR10,40COM*40COM-108*78-150-PLAIN-117 $ Non Mercer.
A1400264,BAMM,W11001,RR17,40MEL*40MEL-111*78-145-PLAIN-124 $
A1400264,BAMM,W11001,RR19,40MEL*40MEL- *80-PLAIN
A1400264,BAMM,W11001,RR20,40MEL*40MEL- *80-PLAIN
A1400264,STICKER,W11001,RR17,40MEL*40MEL-111*78-145-PLAIN-124 $
A1400336,BAMM,W11001,RR16,40MEL*40MEL-98*80-148-2/2 S TWILL-115 $
A1400440,BLMMA,C33118,HH01,40COM*40COM- *84-2/2 Z TWILL
A1400440,BLMMAJ,C34002,HH01,40COM*40COM- *84-2/2 Z TWILL
A1400440,BLMMAJ,C44087,HH01,40COM*40COM- *84-2/2 Z TWILL
A140A591,BAMCJ,C33013,HH04,40COM*40SPX(40D)- *80-PLAIN
A140A783,BAMCOW,W11001,HH48,40COM.OG*16OG.Spx 70D-118*48-138-OXFORD-164 $
A140B149,BAMM,W11001,RR01,40MEL*40MEL-84*78-144-2/2 S TWILL-110 $
A140B149,BAMM,W11001,RR02,40MEL*40MEL-84*78-144-2/2 S TWILL-110 $
A140B410,BAMC,W11001,RR01,40COM*14SPX(40D)-133*46*149-OXFORD 177 $
A140B410,BAMCJ,W11001,RR01,40COM+40MEL*14SPX(40D)-133*46*149-OXFORD 177 $
A140B410,BAMCS,W11001,HH07,40COM*14SPX(40D)-133*46*149-OXFORD 177 $
A140B410,BAMCS,W11001,HH53,40COM*14SPX(40D)- *46-OXFORD
A140B410,BAMCSJ,C22002,HH01,40COM*14SPX(40D)-133*46*149-OXFORD 177 $
A140B410,BAMCSJ,C44004,HH01,40COM*14SPX(40D)-133*46*149-OXFORD 177 $
A140B410,BAMCSJ,W11001,HH07,40COM*14SPX(40D)-133*46*149-OXFORD 177 $
A140B410,BAMCSK,C22001,HH08,40COM+40MEL*14SPX(40D)-133*46*149-OXFORD 177 $
A140B609,BLMMS,C22001,HH02,40MEL+40COM*50COM- *84-2/2 Z TWILL
A140B705,BAMM,W11001,RR03,40MEL*40MEL-102*84 150-PLAIN 120 $
A140B705,BAMM,W11001,RR06,40MEL*40MEL-102*84 150-PLAIN 120 $
A140B705,BAMM,W11001,RR07,40MEL*40MEL- 102*84 150-PLAIN 120 $
A140B705,BAMM,W11001,RR08,40MEL*40MEL-102*84 150-PLAIN 120 $
A140B705,BAMM,W11001,RR09,40MEL*40MEL-102*84 150-PLAIN 120 $
A140B705,BAMM,W11001,RR10,40MEL*40MEL-102*84 150-PLAIN 120 $
A140B713,BAMCS,S14001,DD01,40COM*30SPX(20D)+10OE+230D.PET.MEL-
A140B739,BAMOS,S21005,HH01,40COM*12OE- *50-OXFORD
A140B739,BAMOS,S21005,HH02,40COM*12OE- *50-OXFORD
A140B739,BAMOS,W11001,HH15,40COM*12OE-*50-OXFORD
A140B739,LLMOS,W11001,HH16,40COM*12OE-*50-OXFORD
A140B951,BAMM,W11001,RR01,40MEL*40MEL-100*84-144-PLAIN-122
A140B951,BAMMS,C44001,HH01,40COM+40MEL*40COM40MEL-100*84-144-PLAIN-122
A140B957,BLMMS,C54001,HH01,40COM+2/80COM*40COM-120*78-148-DOBBY-125 $
A140B959,BAMMSJ,F21001,HH04,40COM*40COM- *80-PLAIN
A140B959,BAMMSJ,W11001,RR01,40COM*40COM-
A140B959,BLMMS,S13001,HH01,40COM*40COM- *80-PLAIN
A140B990,BAMM,F21001,HH01,40COM*40COM- *78-PLAIN
A140C005,BAMMS,C33001,VV01,40COM+2/80VAT.IKKAT*40COM- -PLAIN
A140C005,BAMMS,S31001,VV01,40COM+2/80VAT.IKKAT*40COM- *68-PLAIN
A140C005,BAMMS,S31001,VV02,40COM+2/80VAT.IKKAT*40COM- -PLAIN
A140C005,BAMMS,S31001,VV03,40COM+2/80VAT.IKKAT*40COM- -PLAIN
A140C005,BAMMS,S31002,GH01,40COM+2/80VAT.IKKAT*40COM- *68-PLAIN
A140C005,BAMMS,S31002,VV01,40COM+2/80VAT.IKKAT*40COM- -PLAIN
A140C068,BAMMS,W11001,HH02,40COM*40COM-138*64-149-OXFORD-122 $
A140C068,BAMMSJ,W11001,HH02,40COM*40COM-138*64-149-OXFORD-122 $
A140C093,BAMM,W11001,RR05,40MEL*40MEL-121*78-151-PLAIN-128 $
A140C093,BAMM,W11001,RR19,40MEL*40MEL- *80-PLAIN
A140C093,BAMM,W11001,RR28,40MEL*40MEL-121*78-151-PLAIN-128 $
A140C093,BAMM,W11001,RR29,40MEL*40MEL- *80-PLAIN
A140C093,BAMM,W11001,RR31,40MEL*40MEL- *80-PLAIN
A140C093,BAMM,W11001,RR32,40MEL*40MEL- *80-PLAIN
A140C093,BAMM,W11001,RR33,40MEL*40MEL- *80-PLAIN
A140C093,BAMM,W11001,RR34,40MEL*40MEL- *80-PLAIN
A140C093,BAMMS,C44004,HH01,40COM*40COM- *80-PLAIN
A140C093,BAMMS,F21001,HH15,40COM*40COM- *80-PLAIN
A140C093,BAMMS,F22001,RR01,40COM+40MEL*40COM+40MEL- *80-PLAIN
A140C101,BAMM,W11001,RR02,40MEL*40MEL- *92-2/2 S TWILL
A140C224,BAMCS,W11001,DR06,40COM*30PC.MEL- *74-2/2 Z TWILL
A140C224,BAMCS,W11001,DR07,40COM*30PC.MEL- *74-2/2 Z TWILL
A140C298,BAMM,W11001,RR01,40MEL*40MEL- -2/2 MATT
A140C381,BLMMS,C65001,HH01,40COM+40SPX(20D)*40COM+40SPX(20D)- *90- -2/2 HBT(CRINKLE EFFACT)
A140C448,BAMM,W11001,RR01,40MEL*40MEL-96*80-146-2/2 S TWILL-121 $
A140C448,BAMM,W11001,RR02,40MEL*40MEL-96*80-146-2/2 S TWILL-121 $
A140C629,BAMMSJ,S21002,HH01,40COM*40COM- -PLAIN
A140C808,BAMMSJ,C22002,HH01,40COM+40MEL*40COM+40MEL- *96-PLAIN
A140C873,BLMMS,C22001,HH02,40COM+40MC*40COM+40MC- *64-DOBBY (RIBSTOP)
A140D145,BAMM,W11001,RR01,40MEL*40MEL- *100-2/1 Z TWILL
A140D226,BLMMS,W11001,HH02,40COM*40MEL- *96-DOBBY
A140D244,BAMMS,W11001,RR01,40COM*40MEL- -2/2 HBT
A140D244,BAMMS,W11001,RR02,40COM*40MEL- -2/2 HBT
A140D394,BACCW,W11001,DH02,40C.PC*20SPX(40D)- -OXFORD
A140D394,BAMCW,W11001,DH02,40COM.PC*20SPX(40D)- -OXFORD
A140D394,BAMCW,W11001,DH10,40COM.PC*20SPX(40D)- *46-OXFORD
A140D394,BAMCW,W11001,DH14,40COM PC*20C Spx 40D- *46-OXFORD
A140D399,BAMM,W11001,RR04,40MEL*40MEL- -2/2 HBT-08.04.153
A140D399,BLMMS,F22001,HH02,40MEL+40COM*40MEL+40COM- -2/2 HBT-08.04.153
A140D415,HMM,C5J001,HH01,40COM+40MEL*40COM+40MEL+40SPX(40D)+40MEL.SPX(40D)- -JACQUARD
A140D609,BAMFQWJ,W11001,NDR06,40COM*80D(75/72/20) RP Spx- *80-PLAIN
A140E129,BAMM,W12001,RR01,40MEL*40MEL+40MEL.SPX(40D)- *74-PLAIN
A140E129,BAMMS,F22001,HH09,40COM*40COM+40SPX(40D)- *74-PLAIN
A140E252,BAMCSJ,W11001,HH01,40COM*40SPX(40D)- -OXFORD
A140E636,BAMMS,C24001,HH01,40COM*40COM+40C Spx 40D- -PLAIN
A140E712,BAMOJ,C55001,HH02,40COM*12OE- *45-OXFORD
A140E712,BAMOSJ,W11001,HH07,40COM*12OE- *45-OXFORD
A140E803,BAMC,W11001,HH01,40COM*2/30C- *64-OXFORD
A140F054,BAMCS,S21001,HH01,40COM+2/40COM*40C Spx 20D- *68- -SEAR SUCKER(TOP BEAM)-20.04.027
A140F069,BAMC,W11001,HH01,40Mel*40C Spx 20D- *76-PLAIN
A140F137,BAMMS,W11001,HH13,40COM*40COM- -SEER SUCKER(TOP BEAM)-40.04.007
A140F137,BAMMSJ,W11001,HH13,40COM*40COM- -SEER SUCKER(TOP BEAM)-40.04.007
A140F137,BAMMSJ,W11001,HH22,40COM*40COM- -SEER SUCKER(TOP BEAM)
A140F893,BADKQK,S21002,HH02,40K.COM C RC*16K C RC- -OXFORD
A142A009,BAMC,W11001,DH06,42COM.CVC*16SPX(40D)-116*50-148-OXFORD-162 $
A142A009,BAMCJ,W11001,DH06,42COM.CVC*16SPX(40D)-116*50-148-OXFORD-162 $
A142A009,HMC,S61001,DH02,42COM.CVC*16SPX(40D)-116*50-148-OXFORD-162 $
A1450024,BAMM,C33001,DH01,45COM.PC*45COM.PC- *76-PLAIN
A1450030,BACC,S21001,DH01,45C.CVC*45C.CVC-118*70-150-PLAIN-106 $
A1450030,BACC,S21001,DH02,45C.CVC*45C.CVC-118*70-150-PLAIN-106 $
A145A249,BAMCN,C22001,DH03,45COM.PC*40C Spx 20D- *72-PLAIN
A145A249,BAMCN,C22003,DH04,45COM.PC*40C Spx 20D- *72-PLAIN
A145A249,BAMCN,F22001,DH02,45COM.PC*40C Spx 20D- *72-PLAIN
A145A249,BAMCN,S21001,DH03,45COM.PC*40SPX(20D)- *72-PLAIN
A145A249,BAMCNJ,C22001,NDR01,45COM.PC*40SPX(20D)-112*72-141-PLAIN-116 $
A145A249,BAMCNJ,C22002,DH02,45COM.PC*40C Spx 20D-112*72-141-PLAIN-116 $
A145A249,BAMCNJ,S21002,NDR01,45COM.PC*40SPX(20D)-112*72-141-PLAIN-116 $
A145A255,BAMM,F12001,DH03,45COM.CVC*45COM.CVC- -PLAIN
A145A255,BAMMJ,F12001,DH03,45COM.CVC*45COM.CVC- -PLAIN
A145A328,HCCNWT,C23001,NDR02,45C.CVC.SPX(20D)*45C.CVC.SPX(20D)- -PLAIN
A145A344,BAMMJ,W11001,DH03,DISCARD
A1500062,LLMM,F21001,HH01,50COM*50COM-155*80-151-PLAIN-119 $
A1500062,LLMMSJ,C33001,HH02,50COM*50COM-155*80-151-PLAIN-119 $
A1500079,LLMMS,F21001,HH26,50COM*50COM-140*80-149-PLAIN-110 $
A1500079,LLMMS,F21001,HH27,50COM*50COM-140*80-149-PLAIN-110 $
A150A887,BAMMS,W11001,HH02,50COM*50COM-146*94-155-DOBBY-118 $
A150A887,LLMMS,W11001,HH01,50COM*50COM-146*94-155-DOBBY-118 $
A150A896,BAMMS,W11001,HH02,50COM*50COM-148*90-149-2/2 HBT-115 $
A150A896,LLMMS,W11001,HH03,50COM*50COM-148*90-149-2/2 HBT-115 $
A150A970,BLMCSK,C55001,HH03,50COM*45SPX(40D)- *74-PLAIN
A150A995,BAMMJ,F22001,HH59,50COM*50COM+40SPX(40D)-119*74-145-PLAIN 109 $
A150A995,BAMMJ,F22001,HH60,50COM*50COM+40SPX(40D)-119*74-145-PLAIN 109 $
A150A995,BAMMS,F22001,HH06,50COM*50COM+40SPX(40D)-119*74-145-PLAIN 109 $
A150A995,BAMMS,F22001,HH25,50COM*50COM+40SPX(40D)-119*74-145-PLAIN 109 $
A150A995,BAMMS,W12001,HH02,50COM*50COM+40SPX(40D)-119*74-145-PLAIN 109 $
A150A995,BAMMSJ,C36014,HH03,50COM*50COM+40SPX(40D)-119*74-145-PLAIN 109 $
A150A995,BAMMSJ,F22001,HH06,50COM*50COM+40SPX(40D)-119*74-145-PLAIN 109 $
A150A995,BAMMSJ,F22001,HH25,50COM*50COM+40SPX(40D)-119*74-145-PLAIN 109 $
A150A995,BAMMSJ,F22001,HH33,50COM*50COM+40SPX(40D)-119*74-145-PLAIN 109 $
A150A995,BAMMSJ,W12001,HH02,50COM*50COM+40SPX(40D)-119*74-145-PLAIN 109 $
A150A995,BAMMSJ,W12001,HH07,50COM*50COM+40SPX(40D)-119*74-145-PLAIN 109 $
A150A995,BAMMSJ,W12001,HH09,50COM*50COM+40SPX(40D)-119*74-145-PLAIN 109 $
A150A995,BAMMSK,F22001,HH02,50COM*50COM+40SPX(40D)-119*74-145-PLAIN 109 $
A150A995,BAMMSK,F22001,HH06,50COM*50COM+40SPX(40D)-119*74-145-PLAIN 109 $
A150A995,BLMMJ,C36033,HH01,50COM*50COM+40SPX(40D)-119*74-145-PLAIN 109 $
A150A995,BLMMJ,C36033,HH02,50COM*50COM+40SPX(40D)-119*74-145-PLAIN 109 $
A150A995,BLMMJ,C36033,HH03,50COM*50COM+40SPX(40D)-119*74-145-PLAIN 109 $
A150A995,LLMMS,F22001,HH17,50COM*50COM+40SPX(40D)-119*74-145-PLAIN 109 $
A150A995,LLMMSJ,F22001,HH17,50COM*50COM+40SPX(40D)-119*74-145-PLAIN 109 $
A150A995,STICKER,F22001,HH59,50COM*50COM+40SPX(40D)-119*74-145-PLAIN 109 $
A150B077,BLMMS,C55001,HH01,50COM+40MEL*50COM- *96-2/2 Z TWILL
A150B211,BAMMS,W11001,HH01,50COM*50COM-140*92-149-DOBBY-119
A150B244,LLMMS,W11001,HH01,50COM*50COM-178*88-157-DOBBY-131
A150B409,BLMMS,F21001,HH05,50COM+40MEL*50COM- *76-PLAIN
A150B433,BAMM,W11001,HH02,50COM*30COM- *62- -OXFORD
A150B433,BAMM,W11001,HH03,50COM*30COM- *62- -OXFORD
A150B472,BAMMS,F21001,HH07,50COM*50COM-140*80*149-PLAIN-110
A150B472,LLMMSN,F22001,HH01,50COM*50COM- *80-PLAIN
A150B472,LLMMSN,F22001,HH02,50COM*50COM- *80-PLAIN
A150B472,LLPPN,F22001,HH03,50COM*50COM- *80-PLAIN
A150B581,LLMMS,F22001,HH01,50COM*50COM- *112-DOBBY
A150B622,LLMM,W11001,HH01,50COM*50COM- -DOBBY (CREPE)-CREPE$
A150B625,BLMMS,C55001,HH02,50COM+2/80SD*50COM+2/80SD- *102- -2/2 S TWILL
A150B845,BLMMS,W11001,HH01,50COM*40MEL-118*80-150-2/2 Z TWILL-120
A150B951,LLMMSN,W11001,HH01,50COM*50COM-150*98-145-2/2 MATT-131 $
A150B951,LLMMSN,W11001,HH02,50COM*50COM-150*98-145-2/2 MATT-131 $
A150B955,LLMM,S41001,HH01,50COM*50COM-75*78-146.18-PLAIN+DENTING-304.004.001
A150C005,BAMCNJ,S21001,HH02,50COM*60LYC(40D)-162*72-138-PLAIN-117 $
A150C123,BLMMS,W11001,HH03,50COM*50COM-140*78-156-DOBBY TOP BEAM-120 $
A150C123,LLMMS,W11001,HH02,50COM*50COM-140*78-156-DOBBY TOP BEAM-120 $
A150C127,BAMCNO,S21001,HH01,50COM.OG*50OG.SPX(40D)- -PLAIN
A150C223,BAMMS,C33001,HH03,50COM+2/80SD*50COM+2/80SD- -PLAIN
A150C223,BLMMS,C33001,HH04,50COM+2/80SD*50COM+2/80SD- -PLAIN
A150C879,BAMF,S21001,HA01,50COM*40D.NYL.STR(20D)- -PLAIN
A150C944,BAMC,C22002,HH01,50COM*50C Spx 40D- *72-PLAIN
A150C945,BAMMJ,C55001,DH01,50COM*45COM.CVC- -2/2 Z TWILL
A150D068,BAMCNJ,W11001,HH02,50COM*40SPX(40D)- *86-2/1 S TWILL
A150D079,BAMMN,S12001,HH02,50COM*50COM- *130-ROYAL OXFORD
A150D079,BAMMN,S12001,HH03,50COM*50COM- *130-ROYAL OXFORD
A150D155,HMM,W11001,HH05,50COM*50COM- *76-SEAR SUCKER (TOP BEAM)
A150D349,BAMM,C22001,HH01,50COM*50COM- *96-2/2 HBT
A150D349,BAMM,C22001,HH02,50COM*50COM- *96-2/2 HBT
A150D396,BAMM,W11001,RR03,50COM*40Mel- *88-PLAIN
A150D396,BAMM,W11001,RR04,50COM*40Mel- *88-PLAIN
A150D406,BAMM,F21001,HH04,50COM*50COM- -DOBBY
A150D406,BAMM,F21001,HH05,50COM*50COM- -DOBBY
A150D406,BAMM,F21001,HH06,50COM*50COM- -DOBBY
A150D514,HMMN13W,W11001,HH01,50COM*50COM- *90- -JACQUARD
A150D516,HMMN13W,W11001,HH01,50COM*50COM- 90- -JACQUARD
A150D517,HMMN13W,W11001,HH01,50COM*50COM *90- -JACQUARD
A150D519,HMMN13W,W11001,HH01,50COM*50COM- *90- -JACQUARD
A150D520,HMMN13W,W11001,HH01,DISCARD
A150D561,HMM,S15001,HH02,50COM*50COM+40COM+2/60COM- *120- -JACQUARD
A150D603,BAMMJ,C64001,HH05,50COM*50COM- *108- -PLAIN-
A150D603,BAMMJ,C66002,HH01,50COM*50COM- *108- -PLAIN-
A150D603,BAMMJ,S21002,HH02,50COM*50COM- *108- -PLAIN-
A150D829,HMMN,W11001,HH01,50COM*50COM- *100-JACQUARD
A150D829,HMMN,W11001,HH02,50COM*50COM- *100-JACQUARD
A1600020,HMMT,C22002,HH02,WRONG CREATION
A1600119,BAMM,W11001,HH06,60COM*60COM- *88-PLAIN
A160A483,BAMMN,W11001,RR01,60MEL*60MEL- *120- -PLAIN
A160A483,BAMMN,W11001,RR02,60MEL*60MEL- *120- -PLAIN
A160A700,BAMM,W11001,RR01,60COM*30MEL-118*76-149-DOBBY-120 $
A160A700,BAMM,W11001,RR02,60COM*30MEL-118*76-149-DOBBY-120 $
A160A794,BAMM,W11001,HH01,60COM*30COM-136*68-158-DOBBY-118 $
A160A794,BAMM,W11001,RR02,60MEL*30MEL-136*68-158-DOBBY-118 $
A160B031,BAMMN,C36001,HH01,60COM*50COM+50SPX(40D)-188*104-137-2/2 Z TWILL-148 $
A160B031,BAMMN,C36001,HH02,60COM*50COM+50SPX(40D)-188*104-137-2/2 Z TWILL-148 $
A160B031,BAMMN,S22001,HH01,60COM*50COM+50SPX(40D)-188*104-137-2/2 Z TWILL-148 $
A160B031,BAMMN,W12001,HH02,60COM*50COM+50SPX(40D)-188*104-137-2/2 Z TWILL-148 $
A160B051,BAMMS,F22001,HH01,60COM*50COM+50SPX(40D)-152*100-146-PLAIN-123 $
A160B051,BAMMS,F22001,HH03,60COM*50COM+50SPX(40D)-152*100-146-PLAIN-123 $
A160B121,BAMM,S21002,DH04,60COM+120D Met*60COM- *88-PLAIN
A160B121,BAMMJ,S21002,DH03,60COM+110D.LUREX*60COM-100*86-141-PLAIN-80
A160B150,HMMN,C77001,HH01,60COM*60COM- *112-2/2 Z TWILL
A160B248,BAMM,W12001,HH02,60COM*60COM+40MC- *96-PLAIN
A160B248,BAMM,W12001,HH03,60COM*60COM+40MC- *96-PLAIN
A160B471,BAMM,W11001,RR02,60MEL*60MEL- *106-PLAIN
A160B471,BAMM,W11001,RR03,60MEL*60MEL- *106-PLAIN
A160B471,BAMM,W11001,RR04,60MEL*60MEL- *106-PLAIN
A160B471,BAMM,W11001,RR05,60MEL*60MEL- *106-PLAIN
A160B586,HMMN,S31001,HH01,60COM+2/120COM*60COM- *100-DOBBY
A160B684,BAMM,W11001,HH03,60COM*60COM-144*110-148-2/2 HBT-109 $
A160B684,BAMM,W11001,HH04,60COM*60COM-144*110-148-2/2 HBT-109 $
A160B684,BAMM,W11001,RR01,60COM*60MEL-144*110-148-2/2 HBT-109 $
A160B684,BAMM,W11001,RR02,60COM*60MEL-144*110-148-2/2 HBT-109 $
A160B764,BAMM,W21001,HH01,60COM+2/40COM*60COM-86*70-144-SEAR SUCKER-87 $
A160B901,BAMM,S41001,HH01,60COM*60COM- *96-2/1 Z TWILL
A160C023,BADDS,S21001,HH01,60K.COM M+40COM*60K.COM M-123*88-146-SEER SUCKER (TOPBEAM)- 113 $
A160C116,BAMM,W21001,HH01,60COM+30COM*60COM- -SEER SUCKER (TOP BEAM)
A160C156,HMM,W11001,HH02,60COM*50COM- *96--JACQUARD
A240A790,HMMT,S71001,HH01,2/40COM*20COM- -DOBBY TOP BEAM (CRINKLE EFFECT)
A240A854,OSPPPROVI,W11001,FD01,2/40ARAMID*2/40ARAMID-56*52-172.17-PLAIN
A260A294,BAMCN,S21001,HH01,2/60COM*20SPX(70D)- *68-DOBBY-72.12.001
A260A341,HMM,S21001,HH01,2/60COM+2/40COM*30COM- -SEAR SUCKER(TOP BEAM)
A260A425,HMMS,C32001,DH01,2/60COM+80D(80/72) P*30COM- -SEAR SUCKER(TOP BEAM)-240.004.001
A280A900,HMMN,S21001,NRR01,2/80COM+2/60COM*50COM- -DOBBY TOP BEAM
A2A0A621,LXPPN,W11001,HH01,2/100COM*2/100COM-161*106-147-2/1 Z TWILL-133 $
A2A0A621,LXPPN,W11001,HH02,2/100COM*2/100COM-161*106-147-2/1 Z TWILL-133 $
A2A0A621,LXPPN,W11001,HH03,2/100COM*2/100COM-161*106-147-2/1 Z TWILL-133 $
ARTAWT,BA,DGNAWT,DUMMY,TIM
ARTAWTD,00,DGNAWT,DUMMY,ARTAWTD
C1200048,BAMC,F12001,HH08,"20COM*30SPX+20SPX-116*76-142-1/3,S TWILL(DOBBY)-230 $"
C120M412,BAKK,F13001,DD01,20K*20K+200D.PET.STR+150D.PET -102*76-142-2/1 Z TWILL 208 $
C130M209,BLMM,W11001,HH02,30MEL*30COM-88*76-149-PLAIN 138 $
C130M243,BAMC,F12001,HH15,30COM*30SPX-DOBBY tim
C132M038,BAMK,F12001,DD01,32COM*14K.SPX+230D.PET.MEL-142*76-143-3/1 Z TWILL 240 $
C1400137,BAMMA,W11001,RR10,40MEL*40MEL- *84-PLAIN
C1400137,BAMMA,W11001,RR11,40MEL*40MEL- *84-PLAIN
C1400211,BAMM,W11001,HH08,40COM*40COM-121*96-148-DOBBY(ROYAL OXFORD)-130 $
C1400211,BAMM,W11001,HH09,40COM*40COM-121*96-148-DOBBY(ROYAL OXFORD)-130 $
C1400211,BAMMS,W11001,HH18,40COM*40COM-121*96-148-DOBBY(ROYAL OXFORD)-130 $
C1400211,BAMMS,W11001,HH19,40COM*40COM-121*96-148-DOBBY(ROYAL OXFORD)-130 $
C1400317,BAMMS,W12001,HH47,40COM*40COM+40LEA-90*54-141-PLAIN 120 $
C1400317,BAMMS,W12001,HH48,40COM*40COM+40LEA-90*54-141-PLAIN 120 $
C140M628,BAMMSK,C24005,HH02,40COM*40COM+40SPX(40D)- *86-PLAIN
C140M628,BAMMSK,F22001,HH04,40COM*40COM+40SPX(40D)- *86-PLAIN
C140M628,BAMMSK,F22001,HH05,40COM*40COM+40SPX(40D)- *86-PLAIN
C140M687,BAMCS,W11001,HH03,40COM*20SPX(70D)-170*68-130-3/1 Z TWILL 220 $
C140M751,BAMCS,W11001,HH18,40COM*20SPX(40D)-
C140M751,BAMCS,W11001,HH94,40COM*20SPX(40D)-
C140M751,BAMCSJ,F21001,HH09,40COM*20SPX(40D)- *46-OXFORD
C140M751,BAMCSJ,S21019,HH01,40COM*20SPX(40D)- *46-OXFORD
C140M751,BAMCSJ,W11001,HH166,40COM*20C Spx 40D- *46-OXFORD
C140M751,BAMCSJ,W11001,HH94,40COM*20SPX(40D)- *46-OXFORD
C140M751,BAMCSK,W11001,HH12,40COM*20SPX(40D)- *46-OXFORD
C140M751,BAMCSK,W11001,HH18,40COM*20SPX(40D)- *46-OXFORD
C140M751,BAMCSL,S21016,HH03,40COM*20LYC(40D)- *46-OXFORD
C140M751,BAMCSL,S21016,HH04,40COM*20LYC(40D)- *46-OXFORD
C140M751,BAMCSLJ,S21014,HH03,40COM*20LYC(40D)- *46-OXFORD
C140M751,BAMCSLJ,S21014,HH04,40COM*20LYC(40D)- *46-OXFORD
C140M751,BAMCSLJ,W11001,HH111,40COM*20LYC(40D)- *46-OXFORD
C140M751,BAMCSLJ,W11001,HH112,40COM*20LYC(40D)- *46-OXFORD
C140M751,BAMCSLJ,W11001,HH113,40COM*20LYC(40D)- *46-OXFORD
C140M751,BAMCSLJ,W11001,HH114,40COM*20LYC(40D)- *46-OXFORD
C140M751,BLMCSLJ,C55008,HH01,40COM*20LYC(40D)- *46-OXFORD
C140M751,BLMCSLJ,C55008,HH03,40COM*20LYC(40D)- *46-OXFORD
C140M751,LLMCS,W11001,HH95,40COM*20SPX(40D)- *46-OXFORD
C140M751,LLMCS,W11001,HH96,40COM*20SPX(40D)- *46-OXFORD
C140M751,LLMCS,W11001,HH99,40COM*20SPX(40D)- *46-OXFORD
C140M751,LLMCSL,S21013,HH05,40COM*20LYC(40D)- *46-OXFORD
C140M751,LLMCSLJ,S21013,HH05,40COM*20LYC(40D)- *46-OXFORD
C140M751,LLMCSLJ,S21013,HH06,40COM*20LYC(40D)- *46-OXFORD
C1500271,LLMMS,C22001,HH01,50COM*50COM-154*90-142-ROYAL OXFORD-118 $
C1600119,BAMM,W11001,HH01,60COM*60MEL-108*88-146-PLAIN-83 $
C1600119,BAMM,W11001,RR02,60MEL*60MEL-108*88-146-PLAIN-83 $
C2200018,BACC,C33001,HH01,2/20C*2/20C-tim
CROSS,BAMM,W11001,HH06,50COM*50COM-
DUMMY,00,DGNAWT,DUMMY,dummy
DUMMY,00,DUMMY,DUMMY,dummy
PANAMA,BAMM,W11001,HH29,40COM*40COM-
PCT20B01,PBAC,XX,RR01,Provisional Cotton Upto 20 Count Bottom Reactive
PCT20B01,PBAC,XX,VV01,Provisional Cotton Upto 20 Count Bottom VAT
PCT20B02,PBAC,XX,RR01,Provisional Cotton Upto 20 Count Bottom Reactive
PCT20B02,PBAC,XX,VV01,Provisional Cotton Upto 20 Count Bottom VAT
PCT20B03,PBAC,XX,RR01,Provisional Cotton Upto 20 Count Bottom Reactive
PCT20B03,PBAC,XX,VV01,Provisional Cotton Upto 20 Count Bottom VAT
PCT20B04,PBAC,XX,RR01,Provisional Cotton Upto 20 Count Bottom Reactive
PCT20B04,PBAC,XX,VV01,Provisional Cotton Upto 20 Count Bottom VAT
PCT20B05,PBAC,XX,RR01,Provisional Cotton Upto 20 Count Bottom Reactive
PCT20B05,PBAC,XX,VV01,Provisional Cotton Upto 20 Count Bottom VAT
PCT20B06,PBAC,XX,RR01,Provisional Cotton Upto 20 Count Bottom Reactive
PCT20B06,PBAC,XX,VV01,Provisional Cotton Upto 20 Count Bottom VAT
PCT20B07,PBAC,XX,RR01,Provisional Cotton Upto 20 Count Bottom Reactive
PCT20B07,PBAC,XX,VV01,Provisional Cotton Upto 20 Count Bottom VAT
PCT20B08,PBAC,XX,RR01,Provisional Cotton Upto 20 Count Bottom Reactive
PCT20B08,PBAC,XX,VV01,Provisional Cotton Upto 20 Count Bottom VAT
PCT20S01,PBAC,XX,RR01,Provisional Cotton upto 20 Count Shirting Reactive
PCT20S01,PBAC,XX,VV01,Provisional Cotton upto 20 Count Shirting VAT
PCT20S02,PBAC,XX,RR01,Provisional Cotton upto 20 Count Shirting Reactive
PCT20S02,PBAC,XX,VV01,Provisional Cotton upto 20 Count Shirting VAT
PCT20S03,PBAC,XX,RR01,Provisional Cotton upto 20 Count Shirting Reactive
PCT20S03,PBAC,XX,VV01,Provisional Cotton upto 20 Count Shirting VAT
PCT20S04,PBAC,XX,RR01,Provisional Cotton upto 20 Count Shirting Reactive
PCT20S04,PBAC,XX,VV01,Provisional Cotton upto 20 Count Shirting VAT
PCT20S05,PBAC,XX,RR01,Provisional Cotton upto 20 Count Shirting Reactive
PCT20S05,PBAC,XX,VV01,Provisional Cotton upto 20 Count Shirting VAT
PCT20S06,PBAC,XX,RR01,Provisional Cotton upto 20 Count Shirting Reactive
PCT20S06,PBAC,XX,VV01,Provisional Cotton upto 20 Count Shirting VAT
PCT20S07,PBAC,XX,RR01,Provisional Cotton upto 20 Count Shirting Reactive
PCT20S07,PBAC,XX,VV01,Provisional Cotton upto 20 Count Shirting VAT
PCT20S08,PBAC,XX,RR01,Provisional Cotton upto 20 Count Shirting Reactive
PCT20S08,PBAC,XX,VV01,Provisional Cotton upto 20 Count Shirting VAT
PCT32B01,PBAC,XX,RR01,Provisional Cotton 21-32 Count Bottom Reactive
PCT32B01,PBAC,XX,VV01,Provisional Cotton 21-32 Count Bottom VAT
PCT32B02,PBAC,XX,RR01,Provisional Cotton 21-32 Count Bottom Reactive
PCT32B02,PBAC,XX,VV01,Provisional Cotton 21-32 Count Bottom VAT
PCT32B03,PBAC,XX,RR01,Provisional Cotton 21-32 Count Bottom Reactive
PCT32B03,PBAC,XX,VV01,Provisional Cotton 21-32 Count Bottom VAT
PCT32B04,PBAC,XX,RR01,Provisional Cotton 21-32 Count Bottom Reactive
PCT32B04,PBAC,XX,VV01,Provisional Cotton 21-32 Count Bottom VAT
PCT32B05,PBAC,XX,RR01,Provisional Cotton 21-32 Count Bottom Reactive
PCT32B05,PBAC,XX,VV01,Provisional Cotton 21-32 Count Bottom VAT
PCT32B06,PBAC,XX,RR01,Provisional Cotton 21-32 Count Bottom Reactive
PCT32B06,PBAC,XX,VV01,Provisional Cotton 21-32 Count Bottom VAT
PCT32B07,PBAC,XX,RR01,Provisional Cotton 21-32 Count Bottom Reactive
PCT32B07,PBAC,XX,VV01,Provisional Cotton 21-32 Count Bottom VAT
PCT32B08,PBAC,XX,RR01,Provisional Cotton 21-32 Count Bottom Reactive
PCT32B08,PBAC,XX,VV01,Provisional Cotton 21-32 Count Bottom VAT
PCT32S01,PBAC,XX,RR01,Provisional Cotton 21-32 Count Shirting Reactive
PCT32S01,PBAC,XX,VV01,Provisional Cotton 21-32 Count Shirting VAT
PCT32S02,PBAC,XX,RR01,Provisional Cotton 21-32 Count Shirting Reactive
PCT32S02,PBAC,XX,VV01,Provisional Cotton 21-32 Count Shirting VAT
PCT32S03,PBAC,XX,RR01,Provisional Cotton 21-32 Count Shirting Reactive
PCT32S03,PBAC,XX,VV01,Provisional Cotton 21-32 Count Shirting VAT
PCT32S04,PBAC,XX,RR01,Provisional Cotton 21-32 Count Shirting Reactive
PCT32S04,PBAC,XX,VV01,Provisional Cotton 21-32 Count Shirting VAT
PCT32S05,PBAC,XX,RR01,Provisional Cotton 21-32 Count Shirting Reactive
PCT32S05,PBAC,XX,VV01,Provisional Cotton 21-32 Count Shirting VAT
PCT32S06,PBAC,XX,RR01,Provisional Cotton 21-32 Count Shirting Reactive
PCT32S06,PBAC,XX,VV01,Provisional Cotton 21-32 Count Shirting VAT
PCT32S07,PBAC,XX,RR01,Provisional Cotton 21-32 Count Shirting Reactive
PCT32S07,PBAC,XX,VV01,Provisional Cotton 21-32 Count Shirting VAT
PCT32S08,PBAC,XX,RR01,Provisional Cotton 21-32 Count Shirting Reactive
PCT32S08,PBAC,XX,VV01,Provisional Cotton 21-32 Count Shirting VAT
PCT49B01,PBAC,XX,RR01,Provisional Cotton 33-49 Count Bottom Reactive
PCT49B01,PBAC,XX,VV01,Provisional Cotton 33-49 Count Bottom VAT
PCT49B02,PBAC,XX,RR01,Provisional Cotton 33-49 Count Bottom Reactive
PCT49B02,PBAC,XX,VV01,Provisional Cotton 33-49 Count Bottom VAT
PCT49B03,PBAC,XX,RR01,Provisional Cotton 33-49 Count Bottom Reactive
PCT49B03,PBAC,XX,VV01,Provisional Cotton 33-49 Count Bottom VAT
PCT49B04,PBAC,XX,RR01,Provisional Cotton 33-49 Count Bottom Reactive
PCT49B04,PBAC,XX,VV01,Provisional Cotton 33-49 Count Bottom VAT
PCT49B05,PBAC,XX,RR01,Provisional Cotton 33-49 Count Bottom Reactive
PCT49B05,PBAC,XX,VV01,Provisional Cotton 33-49 Count Bottom VAT
PCT49B06,PBAC,XX,RR01,Provisional Cotton 33-49 Count Bottom Reactive
PCT49B06,PBAC,XX,VV01,Provisional Cotton 33-49 Count Bottom VAT
PCT49B07,PBAC,XX,RR01,Provisional Cotton 33-49 Count Bottom Reactive
PCT49B07,PBAC,XX,VV01,Provisional Cotton 33-49 Count Bottom VAT
PCT49B08,PBAC,XX,RR01,Provisional Cotton 33-49 Count Bottom Reactive
PCT49B08,PBAC,XX,VV01,Provisional Cotton 33-49 Count Bottom VAT
PCT49S01,PBAC,XX,RR01,Provisional Cotton 33-49 Count Shirting Reactive
PCT49S01,PBAC,XX,VV01,Provisional Cotton 33-49 Count Shirting VAT
PCT49S02,PBAC,XX,RR01,Provisional Cotton 33-49 Count Shirting Reactive
PCT49S02,PBAC,XX,VV01,Provisional Cotton 33-49 Count Shirting VAT
PCT49S03,PBAC,XX,RR01,Provisional Cotton 33-49 Count Shirting Reactive
PCT49S03,PBAC,XX,VV01,Provisional Cotton 33-49 Count Shirting VAT
PCT49S04,PBAC,XX,RR01,Provisional Cotton 33-49 Count Shirting Reactive
PCT49S04,PBAC,XX,VV01,Provisional Cotton 33-49 Count Shirting VAT
PCT49S05,PBAC,XX,RR01,Provisional Cotton 33-49 Count Shirting Reactive
PCT49S05,PBAC,XX,VV01,Provisional Cotton 33-49 Count Shirting VAT
PCT49S06,PBAC,XX,RR01,Provisional Cotton 33-49 Count Shirting Reactive
PCT49S06,PBAC,XX,VV01,Provisional Cotton 33-49 Count Shirting VAT
PCT49S07,PBAC,XX,RR01,Provisional Cotton 33-49 Count Shirting Reactive
PCT49S07,PBAC,XX,VV01,Provisional Cotton 33-49 Count Shirting VAT
PCT49S08,PBAC,XX,RR01,Provisional Cotton 33-49 Count Shirting Reactive
PCT49S08,PBAC,XX,VV01,Provisional Cotton 33-49 Count Shirting VAT
PCT69B01,PBAC,XX,RR01,Provisional Cotton 50-69 Count bottom Reactive
PCT69B01,PBAC,XX,VV01,Provisional Cotton 50-69 Count bottom VAT
PCT69B02,PBAC,XX,RR01,Provisional Cotton 50-69 Count bottom Reactive
PCT69B02,PBAC,XX,VV01,Provisional Cotton 50-69 Count bottom VAT
PCT69B03,PBAC,XX,RR01,Provisional Cotton 50-69 Count bottom Reactive
PCT69B03,PBAC,XX,VV01,Provisional Cotton 50-69 Count bottom VAT
PCT69B04,PBAC,XX,RR01,Provisional Cotton 50-69 Count bottom Reactive
PCT69B04,PBAC,XX,VV01,Provisional Cotton 50-69 Count bottom VAT
PCT69B05,PBAC,XX,RR01,Provisional Cotton 50-69 Count bottom Reactive
PCT69B05,PBAC,XX,VV01,Provisional Cotton 50-69 Count bottom VAT
PCT69B06,PBAC,XX,RR01,Provisional Cotton 50-69 Count bottom Reactive
PCT69B06,PBAC,XX,VV01,Provisional Cotton 50-69 Count bottom VAT
PCT69B07,PBAC,XX,RR01,Provisional Cotton 50-69 Count bottom Reactive
PCT69B07,PBAC,XX,VV01,Provisional Cotton 50-69 Count bottom VAT
PCT69B08,PBAC,XX,RR01,Provisional Cotton 50-69 Count bottom Reactive
PCT69B08,PBAC,XX,VV01,Provisional Cotton 50-69 Count bottom VAT
PCT69S01,PBAC,XX,RR01,Provisional Cotton 50-69 Count Shirting Reactive
PCT69S01,PBAC,XX,VV01,Provisional Cotton 50-69 Count Shirting VAT
PCT69S02,PBAC,XX,RR01,Provisional Cotton 50-69 Count Shirting Reactive
PCT69S02,PBAC,XX,VV01,Provisional Cotton 50-69 Count Shirting VAT
PCT69S03,PBAC,XX,RR01,Provisional Cotton 50-69 Count Shirting Reactive
PCT69S03,PBAC,XX,VV01,Provisional Cotton 50-69 Count Shirting VAT
PCT69S04,PBAC,XX,RR01,Provisional Cotton 50-69 Count Shirting Reactive
PCT69S04,PBAC,XX,VV01,Provisional Cotton 50-69 Count Shirting VAT
PCT69S05,PBAC,XX,RR01,Provisional Cotton 50-69 Count Shirting Reactive
PCT69S05,PBAC,XX,VV01,Provisional Cotton 50-69 Count Shirting VAT
PCT69S06,PBAC,XX,RR01,Provisional Cotton 50-69 Count Shirting Reactive
PCT69S06,PBAC,XX,VV01,Provisional Cotton 50-69 Count Shirting VAT
PCT69S07,PBAC,XX,RR01,Provisional Cotton 50-69 Count Shirting Reactive
PCT69S07,PBAC,XX,VV01,Provisional Cotton 50-69 Count Shirting VAT
PCT69S08,PBAC,XX,RR01,Provisional Cotton 50-69 Count Shirting Reactive
PCT69S08,PBAC,XX,VV01,Provisional Cotton 50-69 Count Shirting VAT
PCT70B01,PBAC,XX,RR01,Provisional Cotton 70 & Above Count Bottom Reactive
PCT70B01,PBAC,XX,VV01,Provisional Cotton 70 & Above Count Bottom VAT
PCT70B02,PBAC,XX,RR01,Provisional Cotton 70 & Above Count Bottom Reactive
PCT70B02,PBAC,XX,VV01,Provisional Cotton 70 & Above Count Bottom VAT
PCT70B03,PBAC,XX,RR01,Provisional Cotton 70 & Above Count Bottom Reactive
PCT70B03,PBAC,XX,VV01,Provisional Cotton 70 & Above Count Bottom VAT
PCT70B04,PBAC,XX,RR01,Provisional Cotton 70 & Above Count Bottom Reactive
PCT70B04,PBAC,XX,VV01,Provisional Cotton 70 & Above Count Bottom VAT
PCT70B05,PBAC,XX,RR01,Provisional Cotton 70 & Above Count Bottom Reactive
PCT70B05,PBAC,XX,VV01,Provisional Cotton 70 & Above Count Bottom VAT
PCT70B06,PBAC,XX,RR01,Provisional Cotton 70 & Above Count Bottom Reactive
PCT70B06,PBAC,XX,VV01,Provisional Cotton 70 & Above Count Bottom VAT
PCT70B07,PBAC,XX,RR01,Provisional Cotton 70 & Above Count Bottom Reactive
PCT70B07,PBAC,XX,VV01,Provisional Cotton 70 & Above Count Bottom VAT
PCT70B08,PBAC,XX,RR01,Provisional Cotton 70 & Above Count Bottom Reactive
PCT70B08,PBAC,XX,VV01,Provisional Cotton 70 & Above Count Bottom VAT
PCT70S01,PBAC,XX,RR01,Provisional Cotton 70 & Above Count Shirting Reactive
PCT70S01,PBAC,XX,VV01,Provisional Cotton 70 & Above Count Shirting VAT
PCT70S02,PBAC,XX,RR01,Provisional Cotton 70 & Above Count Shirting Reactive
PCT70S02,PBAC,XX,VV01,Provisional Cotton 70 & Above Count Shirting VAT
PCT70S03,PBAC,XX,RR01,Provisional Cotton 70 & Above Count Shirting Reactive
PCT70S03,PBAC,XX,VV01,Provisional Cotton 70 & Above Count Shirting VAT
PCT70S04,PBAC,XX,RR01,Provisional Cotton 70 & Above Count Shirting Reactive
PCT70S04,PBAC,XX,VV01,Provisional Cotton 70 & Above Count Shirting VAT
PCT70S05,PBAC,XX,RR01,Provisional Cotton 70 & Above Count Shirting Reactive
PCT70S05,PBAC,XX,VV01,Provisional Cotton 70 & Above Count Shirting VAT
PCT70S06,PBAC,XX,RR01,Provisional Cotton 70 & Above Count Shirting Reactive
PCT70S06,PBAC,XX,VV01,Provisional Cotton 70 & Above Count Shirting VAT
PCT70S07,PBAC,XX,RR01,Provisional Cotton 70 & Above Count Shirting Reactive
PCT70S07,PBAC,XX,VV01,Provisional Cotton 70 & Above Count Shirting VAT
PCT70S08,PBAC,XX,RR01,Provisional Cotton 70 & Above Count Shirting Reactive
PCT70S08,PBAC,XX,VV01,Provisional Cotton 70 & Above Count Shirting VAT
PPC20B01,PBAC,XX,RR01,Provisional PC Upto 20 Count Bottom Reactive
PPC20B01,PBAC,XX,VV01,Provisional PC Upto 20 Count Bottom VAT
PPC20B02,PBAC,XX,RR01,Provisional PC Upto 20 Count Bottom Reactive
PPC20B02,PBAC,XX,VV01,Provisional PC Upto 20 Count Bottom VAT
PPC20B03,PBAC,XX,RR01,Provisional PC Upto 20 Count Bottom Reactive
PPC20B03,PBAC,XX,VV01,Provisional PC Upto 20 Count Bottom VAT
PPC20B04,PBAC,XX,RR01,Provisional PC Upto 20 Count Bottom Reactive
PPC20B04,PBAC,XX,VV01,Provisional PC Upto 20 Count Bottom VAT
PPC20B05,PBAC,XX,RR01,Provisional PC Upto 20 Count Bottom Reactive
PPC20B05,PBAC,XX,VV01,Provisional PC Upto 20 Count Bottom VAT
PPC20B06,PBAC,XX,RR01,Provisional PC Upto 20 Count Bottom Reactive
PPC20B06,PBAC,XX,VV01,Provisional PC Upto 20 Count Bottom VAT
PPC20B07,PBAC,XX,RR01,Provisional PC Upto 20 Count Bottom Reactive
PPC20B07,PBAC,XX,VV01,Provisional PC Upto 20 Count Bottom VAT
PPC20B08,PBAC,XX,RR01,Provisional PC Upto 20 Count Bottom Reactive
PPC20B08,PBAC,XX,VV01,Provisional PC Upto 20 Count Bottom VAT
PPC20S01,PBAC,XX,RR01,Provisional PC Upto 20 Count Shirting Reactive
PPC20S01,PBAC,XX,VV01,Provisional PC Upto 20 Count Shirting
PPC20S02,PBAC,XX,RR01,Provisional PC Upto 20 Count Shirting Reactive
PPC20S02,PBAC,XX,VV01,Provisional PC Upto 20 Count Shirting
PPC20S03,PBAC,XX,RR01,Provisional PC Upto 20 Count Shirting Reactive
PPC20S03,PBAC,XX,VV01,Provisional PC Upto 20 Count Shirting
PPC20S04,PBAC,XX,RR01,Provisional PC Upto 20 Count Shirting Reactive
PPC20S04,PBAC,XX,VV01,Provisional PC Upto 20 Count Shirting
PPC20S05,PBAC,XX,RR01,Provisional PC Upto 20 Count Shirting Reactive
PPC20S05,PBAC,XX,VV01,Provisional PC Upto 20 Count Shirting
PPC20S06,PBAC,XX,RR01,Provisional PC Upto 20 Count Shirting Reactive
PPC20S06,PBAC,XX,VV01,Provisional PC Upto 20 Count Shirting
PPC20S07,PBAC,XX,RR01,Provisional PC Upto 20 Count Shirting Reactive
PPC20S07,PBAC,XX,VV01,Provisional PC Upto 20 Count Shirting
PPC20S08,PBAC,XX,RR01,Provisional PC Upto 20 Count Shirting Reactive
PPC20S08,PBAC,XX,VV01,Provisional PC Upto 20 Count Shirting
PPC32B01,PBAC,XX,RR01,Provisional PC 21-32 Count Bottom reactive
PPC32B01,PBAC,XX,VV01,Provisional PC 21-32 Count Bottom VAT
PPC32B02,PBAC,XX,RR01,Provisional PC 21-32 Count Bottom reactive
PPC32B02,PBAC,XX,VV01,Provisional PC 21-32 Count Bottom VAT
PPC32B03,PBAC,XX,RR01,Provisional PC 21-32 Count Bottom reactive
PPC32B03,PBAC,XX,VV01,Provisional PC 21-32 Count Bottom VAT
PPC32B04,PBAC,XX,RR01,Provisional PC 21-32 Count Bottom reactive
PPC32B04,PBAC,XX,VV01,Provisional PC 21-32 Count Bottom VAT
PPC32B05,PBAC,XX,RR01,Provisional PC 21-32 Count Bottom reactive
PPC32B05,PBAC,XX,VV01,Provisional PC 21-32 Count Bottom VAT
PPC32B06,PBAC,XX,RR01,Provisional PC 21-32 Count Bottom reactive
PPC32B06,PBAC,XX,VV01,Provisional PC 21-32 Count Bottom VAT
PPC32B07,PBAC,XX,RR01,Provisional PC 21-32 Count Bottom reactive
PPC32B07,PBAC,XX,VV01,Provisional PC 21-32 Count Bottom VAT
PPC32B08,PBAC,XX,RR01,Provisional PC 21-32 Count Bottom reactive
PPC32B08,PBAC,XX,VV01,Provisional PC 21-32 Count Bottom VAT
PPC32S01,PBAC,XX,RR01,Provisional PC 21-32 Count Shirting Reactive
PPC32S01,PBAC,XX,VV01,Provisional PC 21-32 Count Shirting VAT
PPC32S02,PBAC,XX,RR01,Provisional PC 21-32 Count Shirting Reactive
PPC32S02,PBAC,XX,VV01,Provisional PC 21-32 Count Shirting VAT
PPC32S03,PBAC,XX,RR01,Provisional PC 21-32 Count Shirting Reactive
PPC32S03,PBAC,XX,VV01,Provisional PC 21-32 Count Shirting VAT
PPC32S04,PBAC,XX,RR01,Provisional PC 21-32 Count Shirting Reactive
PPC32S04,PBAC,XX,VV01,Provisional PC 21-32 Count Shirting VAT
PPC32S05,PBAC,XX,RR01,Provisional PC 21-32 Count Shirting Reactive
PPC32S05,PBAC,XX,VV01,Provisional PC 21-32 Count Shirting VAT
PPC32S06,PBAC,XX,RR01,Provisional PC 21-32 Count Shirting Reactive
PPC32S06,PBAC,XX,VV01,Provisional PC 21-32 Count Shirting VAT
PPC32S07,PBAC,XX,RR01,Provisional PC 21-32 Count Shirting Reactive
PPC32S07,PBAC,XX,VV01,Provisional PC 21-32 Count Shirting VAT
PPC32S08,PBAC,XX,RR01,Provisional PC 21-32 Count Shirting Reactive
PPC32S08,PBAC,XX,VV01,Provisional PC 21-32 Count Shirting VAT
PPC49B01,PBAC,XX,RR01,Provisional PC 33-49 Count Bottom Reactive
PPC49B01,PBAC,XX,VV01,Provisional PC 33-49 Count Bottom VAT
PPC49B02,PBAC,XX,RR01,Provisional PC 33-49 Count Bottom Reactive
PPC49B02,PBAC,XX,VV01,Provisional PC 33-49 Count Bottom VAT
PPC49B03,PBAC,XX,RR01,Provisional PC 33-49 Count Bottom Reactive
PPC49B03,PBAC,XX,VV01,Provisional PC 33-49 Count Bottom VAT
PPC49B04,PBAC,XX,RR01,Provisional PC 33-49 Count Bottom Reactive
PPC49B04,PBAC,XX,VV01,Provisional PC 33-49 Count Bottom VAT
PPC49B05,PBAC,XX,RR01,Provisional PC 33-49 Count Bottom Reactive
PPC49B05,PBAC,XX,VV01,Provisional PC 33-49 Count Bottom VAT
PPC49B06,PBAC,XX,RR01,Provisional PC 33-49 Count Bottom Reactive
PPC49B06,PBAC,XX,VV01,Provisional PC 33-49 Count Bottom VAT
PPC49B07,PBAC,XX,RR01,Provisional PC 33-49 Count Bottom Reactive
PPC49B07,PBAC,XX,VV01,Provisional PC 33-49 Count Bottom VAT
PPC49B08,PBAC,XX,RR01,Provisional PC 33-49 Count Bottom Reactive
PPC49B08,PBAC,XX,VV01,Provisional PC 33-49 Count Bottom VAT
PPC49S01,PBAC,XX,RR01,Provisional PC 33-49 Count Shirting Reactive
PPC49S01,PBAC,XX,VV01,Provisional PC 33-49 Count Shirting VAT
PPC49S02,PBAC,XX,RR01,Provisional PC 33-49 Count Shirting Reactive
PPC49S02,PBAC,XX,VV01,Provisional PC 33-49 Count Shirting VAT
PPC49S03,PBAC,XX,RR01,Provisional PC 33-49 Count Shirting Reactive
PPC49S03,PBAC,XX,VV01,Provisional PC 33-49 Count Shirting VAT
PPC49S04,PBAC,XX,RR01,Provisional PC 33-49 Count Shirting Reactive
PPC49S04,PBAC,XX,VV01,Provisional PC 33-49 Count Shirting VAT
PPC49S05,PBAC,XX,RR01,Provisional PC 33-49 Count Shirting Reactive
PPC49S05,PBAC,XX,VV01,Provisional PC 33-49 Count Shirting VAT
PPC49S06,PBAC,XX,RR01,Provisional PC 33-49 Count Shirting Reactive
PPC49S06,PBAC,XX,VV01,Provisional PC 33-49 Count Shirting VAT
PPC49S07,PBAC,XX,RR01,Provisional PC 33-49 Count Shirting Reactive
PPC49S07,PBAC,XX,VV01,Provisional PC 33-49 Count Shirting VAT
PPC49S08,PBAC,XX,RR01,Provisional PC 33-49 Count Shirting Reactive
PPC49S08,PBAC,XX,VV01,Provisional PC 33-49 Count Shirting VAT
PPC69B01,PBAC,XX,RR01,Provisional PC 50-69 Count Bottom Reactive
PPC69B01,PBAC,XX,VV01,Provisional PC 50-69 Count Bottom VAT
PPC69B02,PBAC,XX,RR01,Provisional PC 50-69 Count Bottom Reactive
PPC69B02,PBAC,XX,VV01,Provisional PC 50-69 Count Bottom VAT
PPC69B03,PBAC,XX,RR01,Provisional PC 50-69 Count Bottom Reactive
PPC69B03,PBAC,XX,VV01,Provisional PC 50-69 Count Bottom VAT
PPC69B04,PBAC,XX,RR01,Provisional PC 50-69 Count Bottom Reactive
PPC69B04,PBAC,XX,VV01,Provisional PC 50-69 Count Bottom VAT
PPC69B05,PBAC,XX,RR01,Provisional PC 50-69 Count Bottom Reactive
PPC69B05,PBAC,XX,VV01,Provisional PC 50-69 Count Bottom VAT
PPC69B06,PBAC,XX,RR01,Provisional PC 50-69 Count Bottom Reactive
PPC69B06,PBAC,XX,VV01,Provisional PC 50-69 Count Bottom VAT
PPC69B07,PBAC,XX,RR01,Provisional PC 50-69 Count Bottom Reactive
PPC69B07,PBAC,XX,VV01,Provisional PC 50-69 Count Bottom VAT
PPC69B08,PBAC,XX,RR01,Provisional PC 50-69 Count Bottom Reactive
PPC69B08,PBAC,XX,VV01,Provisional PC 50-69 Count Bottom VAT
PPC69S01,PBAC,XX,RR01,Provisional PC 50-69 Count Shirting Reactive
PPC69S01,PBAC,XX,VV01,Provisional PC 50-69 Count Shirting VAT
PPC69S02,PBAC,XX,RR01,Provisional PC 50-69 Count Shirting Reactive
PPC69S02,PBAC,XX,VV01,Provisional PC 50-69 Count Shirting VAT
PPC69S03,PBAC,XX,RR01,Provisional PC 50-69 Count Shirting Reactive
PPC69S03,PBAC,XX,VV01,Provisional PC 50-69 Count Shirting VAT
PPC69S04,PBAC,XX,RR01,Provisional PC 50-69 Count Shirting Reactive
PPC69S04,PBAC,XX,VV01,Provisional PC 50-69 Count Shirting VAT
PPC69S05,PBAC,XX,RR01,Provisional PC 50-69 Count Shirting Reactive
PPC69S05,PBAC,XX,VV01,Provisional PC 50-69 Count Shirting VAT
PPC69S06,PBAC,XX,RR01,Provisional PC 50-69 Count Shirting Reactive
PPC69S06,PBAC,XX,VV01,Provisional PC 50-69 Count Shirting VAT
PPC69S07,PBAC,XX,RR01,Provisional PC 50-69 Count Shirting Reactive
PPC69S07,PBAC,XX,VV01,Provisional PC 50-69 Count Shirting VAT
PPC69S08,PBAC,XX,RR01,Provisional PC 50-69 Count Shirting Reactive
PPC69S08,PBAC,XX,VV01,Provisional PC 50-69 Count Shirting VAT
PPC70B01,PBAC,XX,RR01,Provisional PC 70 & Above Count Bottom Reactive
PPC70B01,PBAC,XX,VV01,Provisional PC 70 & Above Count Bottom VAT
PPC70B02,PBAC,XX,RR01,Provisional PC 70 & Above Count Bottom Reactive
PPC70B02,PBAC,XX,VV01,Provisional PC 70 & Above Count Bottom VAT
PPC70B03,PBAC,XX,RR01,Provisional PC 70 & Above Count Bottom Reactive
PPC70B03,PBAC,XX,VV01,Provisional PC 70 & Above Count Bottom VAT
PPC70B04,PBAC,XX,RR01,Provisional PC 70 & Above Count Bottom Reactive
PPC70B04,PBAC,XX,VV01,Provisional PC 70 & Above Count Bottom VAT
PPC70B05,PBAC,XX,RR01,Provisional PC 70 & Above Count Bottom Reactive
PPC70B05,PBAC,XX,VV01,Provisional PC 70 & Above Count Bottom VAT
PPC70B06,PBAC,XX,RR01,Provisional PC 70 & Above Count Bottom Reactive
PPC70B06,PBAC,XX,VV01,Provisional PC 70 & Above Count Bottom VAT
PPC70B07,PBAC,XX,RR01,Provisional PC 70 & Above Count Bottom Reactive
PPC70B07,PBAC,XX,VV01,Provisional PC 70 & Above Count Bottom VAT
PPC70B08,PBAC,XX,RR01,Provisional PC 70 & Above Count Bottom Reactive
PPC70B08,PBAC,XX,VV01,Provisional PC 70 & Above Count Bottom VAT
PPC70S01,PBAC,XX,RR01,Provisional PC 70 & Above Count Shirting Reactive
PPC70S01,PBAC,XX,VV01,Provisional PC 70 & Above Count Shirting VAT
PPC70S02,PBAC,XX,RR01,Provisional PC 70 & Above Count Shirting Reactive
PPC70S02,PBAC,XX,VV01,Provisional PC 70 & Above Count Shirting VAT
PPC70S03,PBAC,XX,RR01,Provisional PC 70 & Above Count Shirting Reactive
PPC70S03,PBAC,XX,VV01,Provisional PC 70 & Above Count Shirting VAT
PPC70S04,PBAC,XX,RR01,Provisional PC 70 & Above Count Shirting Reactive
PPC70S04,PBAC,XX,VV01,Provisional PC 70 & Above Count Shirting VAT
PPC70S05,PBAC,XX,RR01,Provisional PC 70 & Above Count Shirting Reactive
PPC70S05,PBAC,XX,VV01,Provisional PC 70 & Above Count Shirting VAT
PPC70S06,PBAC,XX,RR01,Provisional PC 70 & Above Count Shirting Reactive
PPC70S06,PBAC,XX,VV01,Provisional PC 70 & Above Count Shirting VAT
PPC70S07,PBAC,XX,RR01,Provisional PC 70 & Above Count Shirting Reactive
PPC70S07,PBAC,XX,VV01,Provisional PC 70 & Above Count Shirting VAT
PPC70S08,PBAC,XX,RR01,Provisional PC 70 & Above Count Shirting Reactive
PPC70S08,PBAC,XX,VV01,Provisional PC 70 & Above Count Shirting VAT
PRINTS7,BAMM,W11001,RR03,40MEL*40MEL- *80-PLAIN
PST20B01,PBAC,XX,RR01,Provisional ST Upto 20 Count Bottom Reactive
PST20B01,PBAC,XX,VV01,Provisional ST Upto 20 Count Bottom VAT
PST20B02,PBAC,XX,RR01,Provisional ST Upto 20 Count Bottom Reactive
PST20B02,PBAC,XX,VV01,Provisional ST Upto 20 Count Bottom VAT
PST20B03,PBAC,XX,RR01,Provisional ST Upto 20 Count Bottom Reactive
PST20B03,PBAC,XX,VV01,Provisional ST Upto 20 Count Bottom VAT
PST20B04,PBAC,XX,RR01,Provisional ST Upto 20 Count Bottom Reactive
PST20B04,PBAC,XX,VV01,Provisional ST Upto 20 Count Bottom VAT
PST20B05,PBAC,XX,RR01,Provisional ST Upto 20 Count Bottom Reactive
PST20B05,PBAC,XX,VV01,Provisional ST Upto 20 Count Bottom VAT
PST20B06,PBAC,XX,RR01,Provisional ST Upto 20 Count Bottom Reactive
PST20B06,PBAC,XX,VV01,Provisional ST Upto 20 Count Bottom VAT
PST20B07,PBAC,XX,RR01,Provisional ST Upto 20 Count Bottom Reactive
PST20B07,PBAC,XX,VV01,Provisional ST Upto 20 Count Bottom VAT
PST20B08,PBAC,XX,RR01,Provisional ST Upto 20 Count Bottom Reactive
PST20B08,PBAC,XX,VV01,Provisional ST Upto 20 Count Bottom VAT
PST20S01,PBAC,XX,RR01,Provisional ST Upto 20 Count Shirting Reactive
PST20S01,PBAC,XX,VV01,Provisional ST Upto 20 Count Shirting VAT
PST20S02,PBAC,XX,RR01,Provisional ST Upto 20 Count Shirting Reactive
PST20S02,PBAC,XX,VV01,Provisional ST Upto 20 Count Shirting VAT
PST20S03,PBAC,XX,RR01,Provisional ST Upto 20 Count Shirting Reactive
PST20S03,PBAC,XX,VV01,Provisional ST Upto 20 Count Shirting VAT
PST20S04,PBAC,XX,RR01,Provisional ST Upto 20 Count Shirting Reactive
PST20S04,PBAC,XX,VV01,Provisional ST Upto 20 Count Shirting VAT
PST20S05,PBAC,XX,RR01,Provisional ST Upto 20 Count Shirting Reactive
PST20S05,PBAC,XX,VV01,Provisional ST Upto 20 Count Shirting VAT
PST20S06,PBAC,XX,RR01,Provisional ST Upto 20 Count Shirting Reactive
PST20S06,PBAC,XX,VV01,Provisional ST Upto 20 Count Shirting VAT
PST20S07,PBAC,XX,RR01,Provisional ST Upto 20 Count Shirting Reactive
PST20S07,PBAC,XX,VV01,Provisional ST Upto 20 Count Shirting VAT
PST20S08,PBAC,XX,RR01,Provisional ST Upto 20 Count Shirting Reactive
PST20S08,PBAC,XX,VV01,Provisional ST Upto 20 Count Shirting VAT
PST32B01,PBAC,XX,RR01,Provisional ST 21-32 Count Bottom Reactive
PST32B01,PBAC,XX,VV01,Provisional ST 21-32 Count Bottom VAT
PST32B02,PBAC,XX,RR01,Provisional ST 21-32 Count Bottom Reactive
PST32B02,PBAC,XX,VV01,Provisional ST 21-32 Count Bottom VAT
PST32B03,PBAC,XX,RR01,Provisional ST 21-32 Count Bottom Reactive
PST32B03,PBAC,XX,VV01,Provisional ST 21-32 Count Bottom VAT
PST32B04,PBAC,XX,RR01,Provisional ST 21-32 Count Bottom Reactive
PST32B04,PBAC,XX,VV01,Provisional ST 21-32 Count Bottom VAT
PST32B05,PBAC,XX,RR01,Provisional ST 21-32 Count Bottom Reactive
PST32B05,PBAC,XX,VV01,Provisional ST 21-32 Count Bottom VAT
PST32B06,PBAC,XX,RR01,Provisional ST 21-32 Count Bottom Reactive
PST32B06,PBAC,XX,VV01,Provisional ST 21-32 Count Bottom VAT
PST32B07,PBAC,XX,RR01,Provisional ST 21-32 Count Bottom Reactive
PST32B07,PBAC,XX,VV01,Provisional ST 21-32 Count Bottom VAT
PST32B08,PBAC,XX,RR01,Provisional ST 21-32 Count Bottom Reactive
PST32B08,PBAC,XX,VV01,Provisional ST 21-32 Count Bottom VAT
PST32S01,PBAC,XX,RR01,Provisional ST 21-32 Count Shirting Reactive
PST32S01,PBAC,XX,VV01,Provisional ST 21-32 Count Shirting VAT
PST32S02,PBAC,XX,RR01,Provisional ST 21-32 Count Shirting Reactive
PST32S02,PBAC,XX,VV01,Provisional ST 21-32 Count Shirting VAT
PST32S03,PBAC,XX,RR01,Provisional ST 21-32 Count Shirting Reactive
PST32S03,PBAC,XX,VV01,Provisional ST 21-32 Count Shirting VAT
PST32S04,PBAC,XX,RR01,Provisional ST 21-32 Count Shirting Reactive
PST32S04,PBAC,XX,VV01,Provisional ST 21-32 Count Shirting VAT
PST32S05,PBAC,XX,RR01,Provisional ST 21-32 Count Shirting Reactive
PST32S05,PBAC,XX,VV01,Provisional ST 21-32 Count Shirting VAT
PST32S06,PBAC,XX,RR01,Provisional ST 21-32 Count Shirting Reactive
PST32S06,PBAC,XX,VV01,Provisional ST 21-32 Count Shirting VAT
PST32S07,PBAC,XX,RR01,Provisional ST 21-32 Count Shirting Reactive
PST32S07,PBAC,XX,VV01,Provisional ST 21-32 Count Shirting VAT
PST32S08,PBAC,XX,RR01,Provisional ST 21-32 Count Shirting Reactive
PST32S08,PBAC,XX,VV01,Provisional ST 21-32 Count Shirting VAT
PST49B01,PBAC,XX,RR01,Provisional ST 33-49 Count Bottom Reactive
PST49B01,PBAC,XX,VV01,Provisional ST 33-49 Count Bottom VAT
PST49B02,PBAC,XX,RR01,Provisional ST 33-49 Count Bottom Reactive
PST49B02,PBAC,XX,VV01,Provisional ST 33-49 Count Bottom VAT
PST49B03,PBAC,XX,RR01,Provisional ST 33-49 Count Bottom Reactive
PST49B03,PBAC,XX,VV01,Provisional ST 33-49 Count Bottom VAT
PST49B04,PBAC,XX,RR01,Provisional ST 33-49 Count Bottom Reactive
PST49B04,PBAC,XX,VV01,Provisional ST 33-49 Count Bottom VAT
PST49B05,PBAC,XX,RR01,Provisional ST 33-49 Count Bottom Reactive
PST49B05,PBAC,XX,VV01,Provisional ST 33-49 Count Bottom VAT
PST49B06,PBAC,XX,RR01,Provisional ST 33-49 Count Bottom Reactive
PST49B06,PBAC,XX,VV01,Provisional ST 33-49 Count Bottom VAT
PST49B07,PBAC,XX,RR01,Provisional ST 33-49 Count Bottom Reactive
PST49B07,PBAC,XX,VV01,Provisional ST 33-49 Count Bottom VAT
PST49B08,PBAC,XX,RR01,Provisional ST 33-49 Count Bottom Reactive
PST49B08,PBAC,XX,VV01,Provisional ST 33-49 Count Bottom VAT
PST49S01,PBAC,XX,RR01,Provisional ST 33-49 Count Shirting Reactive
PST49S01,PBAC,XX,VV01,Provisional ST 33-49 Count Shirting VAT
PST49S02,PBAC,XX,RR01,Provisional ST 33-49 Count Shirting Reactive
PST49S02,PBAC,XX,VV01,Provisional ST 33-49 Count Shirting VAT
PST49S03,PBAC,XX,RR01,Provisional ST 33-49 Count Shirting Reactive
PST49S03,PBAC,XX,VV01,Provisional ST 33-49 Count Shirting VAT
PST49S04,PBAC,XX,RR01,Provisional ST 33-49 Count Shirting Reactive
PST49S04,PBAC,XX,VV01,Provisional ST 33-49 Count Shirting VAT
PST49S05,PBAC,XX,RR01,Provisional ST 33-49 Count Shirting Reactive
PST49S05,PBAC,XX,VV01,Provisional ST 33-49 Count Shirting VAT
PST49S06,PBAC,XX,RR01,Provisional ST 33-49 Count Shirting Reactive
PST49S06,PBAC,XX,VV01,Provisional ST 33-49 Count Shirting VAT
PST49S07,PBAC,XX,RR01,Provisional ST 33-49 Count Shirting Reactive
PST49S07,PBAC,XX,VV01,Provisional ST 33-49 Count Shirting VAT
PST49S08,PBAC,XX,RR01,Provisional ST 33-49 Count Shirting Reactive
PST49S08,PBAC,XX,VV01,Provisional ST 33-49 Count Shirting VAT
PST69B01,PBAC,XX,RR01,Provisional ST 50-69 Count Bottom Reactive
PST69B01,PBAC,XX,VV01,Provisional ST 50-69 Count Bottom VAT
PST69B02,PBAC,XX,RR01,Provisional ST 50-69 Count Bottom Reactive
PST69B02,PBAC,XX,VV01,Provisional ST 50-69 Count Bottom VAT
PST69B03,PBAC,XX,RR01,Provisional ST 50-69 Count Bottom Reactive
PST69B03,PBAC,XX,VV01,Provisional ST 50-69 Count Bottom VAT
PST69B04,PBAC,XX,RR01,Provisional ST 50-69 Count Bottom Reactive
PST69B04,PBAC,XX,VV01,Provisional ST 50-69 Count Bottom VAT
PST69B05,PBAC,XX,RR01,Provisional ST 50-69 Count Bottom Reactive
PST69B05,PBAC,XX,VV01,Provisional ST 50-69 Count Bottom VAT
PST69B06,PBAC,XX,RR01,Provisional ST 50-69 Count Bottom Reactive
PST69B06,PBAC,XX,VV01,Provisional ST 50-69 Count Bottom VAT
PST69B07,PBAC,XX,RR01,Provisional ST 50-69 Count Bottom Reactive
PST69B07,PBAC,XX,VV01,Provisional ST 50-69 Count Bottom VAT
PST69B08,PBAC,XX,RR01,Provisional ST 50-69 Count Bottom Reactive
PST69B08,PBAC,XX,VV01,Provisional ST 50-69 Count Bottom VAT
PST69S01,PBAC,XX,RR01,Provisional ST 50-69 Count Shirting Reactive
PST69S01,PBAC,XX,VV01,Provisional ST 50-69 Count Shirting VAT
PST69S02,PBAC,XX,RR01,Provisional ST 50-69 Count Shirting Reactive
PST69S02,PBAC,XX,VV01,Provisional ST 50-69 Count Shirting VAT
PST69S03,PBAC,XX,RR01,Provisional ST 50-69 Count Shirting Reactive
PST69S03,PBAC,XX,VV01,Provisional ST 50-69 Count Shirting VAT
PST69S04,PBAC,XX,RR01,Provisional ST 50-69 Count Shirting Reactive
PST69S04,PBAC,XX,VV01,Provisional ST 50-69 Count Shirting VAT
PST69S05,PBAC,XX,RR01,Provisional ST 50-69 Count Shirting Reactive
PST69S05,PBAC,XX,VV01,Provisional ST 50-69 Count Shirting VAT
PST69S06,PBAC,XX,RR01,Provisional ST 50-69 Count Shirting Reactive
PST69S06,PBAC,XX,VV01,Provisional ST 50-69 Count Shirting VAT
PST69S07,PBAC,XX,RR01,Provisional ST 50-69 Count Shirting Reactive
PST69S07,PBAC,XX,VV01,Provisional ST 50-69 Count Shirting VAT
PST69S08,PBAC,XX,RR01,Provisional ST 50-69 Count Shirting Reactive
PST69S08,PBAC,XX,VV01,Provisional ST 50-69 Count Shirting VAT
PST70B01,PBAC,XX,RR01,Provisional ST 70 & Above Count Bottom Reactive
PST70B01,PBAC,XX,VV01,Provisional ST 70 & Above Count Bottom VAT
PST70B02,PBAC,XX,RR01,Provisional ST 70 & Above Count Bottom Reactive
PST70B02,PBAC,XX,VV01,Provisional ST 70 & Above Count Bottom VAT
PST70B03,PBAC,XX,RR01,Provisional ST 70 & Above Count Bottom Reactive
PST70B03,PBAC,XX,VV01,Provisional ST 70 & Above Count Bottom VAT
PST70B04,PBAC,XX,RR01,Provisional ST 70 & Above Count Bottom Reactive
PST70B04,PBAC,XX,VV01,Provisional ST 70 & Above Count Bottom VAT
PST70B05,PBAC,XX,RR01,Provisional ST 70 & Above Count Bottom Reactive
PST70B05,PBAC,XX,VV01,Provisional ST 70 & Above Count Bottom VAT
PST70B06,PBAC,XX,RR01,Provisional ST 70 & Above Count Bottom Reactive
PST70B06,PBAC,XX,VV01,Provisional ST 70 & Above Count Bottom VAT
PST70B07,PBAC,XX,RR01,Provisional ST 70 & Above Count Bottom Reactive
PST70B07,PBAC,XX,VV01,Provisional ST 70 & Above Count Bottom VAT
PST70B08,PBAC,XX,RR01,Provisional ST 70 & Above Count Bottom Reactive
PST70B08,PBAC,XX,VV01,Provisional ST 70 & Above Count Bottom VAT
PST70S01,PBAC,XX,RR01,Provisional ST 70 & Above Count Shirting Reactive
PST70S01,PBAC,XX,VV01,Provisional ST 70 & Above Count Shirting VAT
PST70S02,PBAC,XX,RR01,Provisional ST 70 & Above Count Shirting Reactive
PST70S02,PBAC,XX,VV01,Provisional ST 70 & Above Count Shirting VAT
PST70S03,PBAC,XX,RR01,Provisional ST 70 & Above Count Shirting Reactive
PST70S03,PBAC,XX,VV01,Provisional ST 70 & Above Count Shirting VAT
PST70S04,PBAC,XX,RR01,Provisional ST 70 & Above Count Shirting Reactive
PST70S04,PBAC,XX,VV01,Provisional ST 70 & Above Count Shirting VAT
PST70S05,PBAC,XX,RR01,Provisional ST 70 & Above Count Shirting Reactive
PST70S05,PBAC,XX,VV01,Provisional ST 70 & Above Count Shirting VAT
PST70S06,PBAC,XX,RR01,Provisional ST 70 & Above Count Shirting Reactive
PST70S06,PBAC,XX,VV01,Provisional ST 70 & Above Count Shirting VAT
PST70S07,PBAC,XX,RR01,Provisional ST 70 & Above Count Shirting Reactive
PST70S07,PBAC,XX,VV01,Provisional ST 70 & Above Count Shirting VAT
PST70S08,PBAC,XX,RR01,Provisional ST 70 & Above Count Shirting Reactive
PST70S08,PBAC,XX,VV01,Provisional ST 70 & Above Count Shirting VAT
YD-1,BAMCS,S14001,DD01,40COM*30SPX(20D)+10OE+230D.PET.MEL- A140B713
